code,title,block_type,description,activity_title,activity_id,options
dim_biensoc_25a,Selecciona la actividad cultural,radio,,Actividades culturales,103,"{'choices': [{'label': 'Cine en el barrio', 'value': 'CINE_BARRIO'}, {'label': 'CelebraciÃ³n y conmemoraciÃ³n de fechas especiales', 'value': 'FECHAS_ESPECIALES'}, {'label': 'Actividades recreativas para infancias y adolescencia', 'value': 'ACTIVIDADES_INFANCIA'}, {'label': 'Actividades para personas adultas y mayores', 'value': 'ACTIVIDADES_ADULTOS_MAYORES'}, {'label': 'Otro', 'value': 'OTRO'}]}"
dim_biensoc_25b,Otro,short_text,"Por favor, especifique.",Actividades culturales,103,
dim_biensoc_25c,Diversidad e integraciÃ³n de personas,radio,Todas las personas son bienvenidas y participan.,Actividades culturales,103,"{'choices': [{'label': 'Malo ğŸ˜¡', 'value': 'MALO'}, {'label': 'Regular ğŸ˜', 'value': 'REGULAR'}, {'label': 'Bueno ğŸ˜Š', 'value': 'BUENO'}]}"
dim_biensoc_25d,PercepciÃ³n de seguridad,radio,,Actividades culturales,103,"{'choices': [{'label': 'Malo ğŸ˜¡', 'value': 'MALO'}, {'label': 'Regular ğŸ˜', 'value': 'REGULAR'}, {'label': 'Bueno ğŸ˜Š', 'value': 'BUENO'}]}"
dim_biensoc_25e,Precios y costos de servicios,radio,Son bajos y/o gratuitos,Actividades culturales,103,"{'choices': [{'label': 'Malo ğŸ˜¡', 'value': 'MALO'}, {'label': 'Regular ğŸ˜', 'value': 'REGULAR'}, {'label': 'Bueno ğŸ˜Š', 'value': 'BUENO'}]}"
dim_biensoc_25f,Espacio adecuado para la actividad,radio,,Actividades culturales,103,"{'choices': [{'label': 'Malo ğŸ˜¡', 'value': 'MALO'}, {'label': 'Regular ğŸ˜', 'value': 'REGULAR'}, {'label': 'Bueno ğŸ˜Š', 'value': 'BUENO'}]}"
dim_biensoc_25g,Limpieza al finalizar la actividad,radio,,Actividades culturales,103,"{'choices': [{'label': 'Malo ğŸ˜¡', 'value': 'MALO'}, {'label': 'Regular ğŸ˜', 'value': 'REGULAR'}, {'label': 'Bueno ğŸ˜Š', 'value': 'BUENO'}]}"
dim_biensoc_22a,Selecciona la actividad y/o espacio comercial,radio,,Actividades de comercio local,104,"{'choices': [{'label': 'Mercados de objetos y/o bazares', 'value': 'MERCADO_BAZAR'}, {'label': 'Venta callejera de comida y/o alimentos', 'value': 'PUESTO_CALLEJERO'}, {'label': 'Eventos de promociÃ³n de iniciativas locales (pequeÃ±as y medianas empresas, emprendimientos)', 'value': 'EVENTO_PROMOCION'}, {'label': 'Otro', 'value': 'OTRO'}]}"
dim_biensoc_22b,Otro,short_text,"Por favor, especifica",Actividades de comercio local,104,
dim_biensoc_22c,Diversidad e integraciÃ³n de personas (todas las personas son bienvenidas y participan),radio,,Actividades de comercio local,104,"{'choices': [{'label': 'Malo ğŸ˜¡', 'value': 'MALO'}, {'label': 'Regular ğŸ˜', 'value': 'REGULAR'}, {'label': 'Bueno ğŸ˜Š', 'value': 'BUENO'}]}"
dim_biensoc_22d,PercepciÃ³n de seguridad,radio,,Actividades de comercio local,104,"{'choices': [{'label': 'Malo ğŸ˜¡', 'value': 'MALO'}, {'label': 'Regular ğŸ˜', 'value': 'REGULAR'}, {'label': 'Bueno ğŸ˜Š', 'value': 'BUENO'}]}"
dim_biensoc_22e,Precios y costos de servicios,radio,Son bajos y/o gratuitos,Actividades de comercio local,104,"{'choices': [{'label': 'Malo ğŸ˜¡', 'value': 'MALO'}, {'label': 'Regular ğŸ˜', 'value': 'REGULAR'}, {'label': 'Bueno ğŸ˜Š', 'value': 'BUENO'}]}"
dim_biensoc_22f,Espacio adecuado para la actividad,radio,,Actividades de comercio local,104,"{'choices': [{'label': 'Malo ğŸ˜¡', 'value': 'MALO'}, {'label': 'Regular ğŸ˜', 'value': 'REGULAR'}, {'label': 'Bueno ğŸ˜Š', 'value': 'BUENO'}]}"
dim_biensoc_22g,Limpieza al finalizar la actividad,radio,,Actividades de comercio local,104,"{'choices': [{'label': 'Malo ğŸ˜¡', 'value': 'MALO'}, {'label': 'Regular ğŸ˜', 'value': 'REGULAR'}, {'label': 'Bueno ğŸ˜Š', 'value': 'BUENO'}]}"
dim_biensoc_26a,Selecciona la actividad comunitaria,radio,,Actividades de participaciÃ³n comunitaria,105,"{'choices': [{'label': 'Asamblea o reuniÃ³n de la comunidad', 'value': 'ASAMBLEA'}, {'label': 'ReuniÃ³n con municipio y otras instituciones', 'value': 'REUNION_MUNICIPAL'}, {'label': 'Taller comunitari (capacitaciones, charlas etc)', 'value': 'TALLER_COMUNITARIO'}, {'label': 'Otra', 'value': 'OTRA'}]}"
dim_biensoc_26b,Otra,short_text,"Por favor, especifique.",Actividades de participaciÃ³n comunitaria,105,
dim_biensoc_26c,Diversidad e integraciÃ³n de personas,radio,Todas las personas son bienvenidas y participan.,Actividades de participaciÃ³n comunitaria,105,"{'choices': [{'label': 'Malo ğŸ˜¡', 'value': 'MALO'}, {'label': 'Regular ğŸ˜', 'value': 'REGULAR'}, {'label': 'Bueno ğŸ˜Š', 'value': 'BUENO'}]}"
dim_biensoc_26d,PercepciÃ³n de seguridad,radio,,Actividades de participaciÃ³n comunitaria,105,"{'choices': [{'label': 'Malo ğŸ˜¡', 'value': 'MALO'}, {'label': 'Regular ğŸ˜', 'value': 'REGULAR'}, {'label': 'Bueno ğŸ˜Š', 'value': 'BUENO'}]}"
dim_biensoc_26e,Precios y costos de servicios,radio,Son bajos y/o gratuÃ­tos.,Actividades de participaciÃ³n comunitaria,105,"{'choices': [{'label': 'Malo ğŸ˜¡', 'value': 'MALO'}, {'label': 'Regular ğŸ˜', 'value': 'REGULAR'}, {'label': 'Bueno ğŸ˜Š', 'value': 'BUENO'}]}"
dim_biensoc_26f,Espacio adecuado para la actividad,radio,,Actividades de participaciÃ³n comunitaria,105,"{'choices': [{'label': 'Malo ğŸ˜¡', 'value': 'MALO'}, {'label': 'Regular ğŸ˜', 'value': 'REGULAR'}, {'label': 'Bueno ğŸ˜Š', 'value': 'BUENO'}]}"
dim_biensoc_26g,Limpieza al finalizar la actividad,radio,,Actividades de participaciÃ³n comunitaria,105,"{'choices': [{'label': 'Malo ğŸ˜¡', 'value': 'MALO'}, {'label': 'Regular ğŸ˜', 'value': 'REGULAR'}, {'label': 'Bueno ğŸ˜Š', 'value': 'BUENO'}]}"
dim_biensoc_27a,Selecciona la actividad deportiva,radio,,Actividades deportivas,106,"{'choices': [{'label': 'Evento deportivo', 'value': 'EVENTO_DEPORTIVO'}, {'label': 'Ruta ciclista recreativa', 'value': 'RUTA_CICLISTA_RECREATIVA'}, {'label': 'Otra', 'value': 'OTRA'}]}"
dim_biensoc_27b,Otra,short_text,"Por favor, especifique.",Actividades deportivas,106,
dim_biensoc_27c,Diversidad e integraciÃ³n de personas,radio,Todas las personas son bienvenidas y participan,Actividades deportivas,106,"{'choices': [{'label': 'Malo ğŸ˜¡', 'value': 'MALO'}, {'label': 'Regular ğŸ˜', 'value': 'REGULAR'}, {'label': 'Bueno ğŸ˜Š', 'value': 'BUENO'}]}"
dim_biensoc_27d,PercepciÃ³n de seguridad,radio,,Actividades deportivas,106,"{'choices': [{'label': 'Malo ğŸ˜¡', 'value': 'MALO'}, {'label': 'Regular ğŸ˜', 'value': 'REGULAR'}, {'label': 'Bueno ğŸ˜Š', 'value': 'BUENO'}]}"
dim_biensoc_27e,Precios y costos de servicios,radio,Son bajos y/o gratuitos,Actividades deportivas,106,"{'choices': [{'label': 'Malo ğŸ˜¡', 'value': 'MALO'}, {'label': 'Regular ğŸ˜', 'value': 'REGULAR'}, {'label': 'Bueno ğŸ˜Š', 'value': 'BUENO'}]}"
dim_biensoc_27f,Espacio adecuado para la actividad,radio,,Actividades deportivas,106,"{'choices': [{'label': 'Malo ğŸ˜¡', 'value': 'MALO'}, {'label': 'Regular ğŸ˜', 'value': 'REGULAR'}, {'label': 'Bueno ğŸ˜Š', 'value': 'BUENO'}]}"
dim_biensoc_27g,Limpieza al finalizar la actividad,radio,,Actividades deportivas,106,"{'choices': [{'label': 'Malo ğŸ˜¡', 'value': 'MALO'}, {'label': 'Regular ğŸ˜', 'value': 'REGULAR'}, {'label': 'Bueno ğŸ˜Š', 'value': 'BUENO'}]}"
dim_biensoc_24a,Selecciona la actividad y/o espacio comercial,radio,,"Mercados locales, fruterÃ­as, verdulerÃ­as",107,"{'choices': [{'label': 'Mercado temporal de alimentos, frutas y verduras', 'value': 'MERCADO_TEMPORAL'}, {'label': 'Puesto de venta callejero de alimentos, frutas y verduras', 'value': 'PUESTO_CALLEJERO'}, {'label': 'Local comercial de venta de alimentos, frutas y verduras', 'value': 'LOCAL_COMERCIAL'}, {'label': 'Otro', 'value': 'OTRO'}]}"
dim_biensoc_24b,Otro,short_text,"Por favor, especifique.","Mercados locales, fruterÃ­as, verdulerÃ­as",107,
dim_biensoc_24c,Frecuencia y disponibilidad del puesto de venta,radio,,"Mercados locales, fruterÃ­as, verdulerÃ­as",107,"{'choices': [{'label': 'Malo ğŸ˜¡', 'value': 'MALO'}, {'label': 'Regular ğŸ˜', 'value': 'REGULAR'}, {'label': 'Bueno ğŸ˜Š', 'value': 'BUENO'}]}"
dim_biensoc_24d,SensaciÃ³n de seguridad,radio,,"Mercados locales, fruterÃ­as, verdulerÃ­as",107,"{'choices': [{'label': 'Malo ğŸ˜¡', 'value': 'MALO'}, {'label': 'Regular ğŸ˜', 'value': 'REGULAR'}, {'label': 'Bueno ğŸ˜Š', 'value': 'BUENO'}]}"
dim_biensoc_24e,Calidad productos,radio,,"Mercados locales, fruterÃ­as, verdulerÃ­as",107,"{'choices': [{'label': 'Malo ğŸ˜¡', 'value': 'MALO'}, {'label': 'Regular ğŸ˜', 'value': 'REGULAR'}, {'label': 'Bueno ğŸ˜Š', 'value': 'BUENO'}]}"
dim_biensoc_24f,Precios bajos y/o costeables,radio,,"Mercados locales, fruterÃ­as, verdulerÃ­as",107,"{'choices': [{'label': 'Malo ğŸ˜¡', 'value': 'MALO'}, {'label': 'Regular ğŸ˜', 'value': 'REGULAR'}, {'label': 'Bueno ğŸ˜Š', 'value': 'BUENO'}]}"
dim_biensoc_24g,Espacio adecuado y cÃ³modo,radio,,"Mercados locales, fruterÃ­as, verdulerÃ­as",107,"{'choices': [{'label': 'Malo ğŸ˜¡', 'value': 'MALO'}, {'label': 'Regular ğŸ˜', 'value': 'REGULAR'}, {'label': 'Bueno ğŸ˜Š', 'value': 'BUENO'}]}"
dim_biensoc_24h,Limpieza posterior,radio,,"Mercados locales, fruterÃ­as, verdulerÃ­as",107,"{'choices': [{'label': 'Malo ğŸ˜¡', 'value': 'MALO'}, {'label': 'Regular ğŸ˜', 'value': 'REGULAR'}, {'label': 'Bueno ğŸ˜Š', 'value': 'BUENO'}]}"
dim_medamb_18a,ExpulsiÃ³n de humo por automÃ³viles/camiones,radio,,ContaminaciÃ³n del aire,109,"{'choices': [{'label': 'Grave ğŸ˜¢', 'value': 'GRAVE'}, {'label': 'Moderado ğŸ™', 'value': 'MODERADO'}, {'label': 'Leve ğŸ˜', 'value': 'LEVE'}]}"
dim_medamb_18b,ExplusiÃ³n de humo por actividades comerciales/industriales,radio,"FÃ¡bricas, venta de comida, etc.",ContaminaciÃ³n del aire,109,"{'choices': [{'label': 'Grave ğŸ˜¢', 'value': 'GRAVE'}, {'label': 'Moderado ğŸ™', 'value': 'MODERADO'}, {'label': 'Leve ğŸ˜', 'value': 'LEVE'}, {'label': 'Ninguno âŒ', 'value': 'NINGUNO'}]}"
dim_medamb_18c,Malos olores,radio,QuÃ­micos y otros elementos tÃ³xicos,ContaminaciÃ³n del aire,109,"{'choices': [{'label': 'Grave ğŸ˜¢', 'value': 'GRAVE'}, {'label': 'Moderado ğŸ™', 'value': 'MODERADO'}, {'label': 'Leve ğŸ˜', 'value': 'LEVE'}, {'label': 'Ninguno âŒ', 'value': 'NINGUNO'}]}"
dim_medamb_18d,Quema de basura,radio,,ContaminaciÃ³n del aire,109,"{'choices': [{'label': 'Grave ğŸ˜¢', 'value': 'GRAVE'}, {'label': 'Moderado ğŸ™', 'value': 'MODERADO'}, {'label': 'Leve ğŸ˜', 'value': 'LEVE'}, {'label': 'Ninguno âŒ', 'value': 'NINGUNO'}]}"
dim_medamb_18e,Quema de residuos agrÃ­colas y uso de fertilizantes,radio,,ContaminaciÃ³n del aire,109,"{'choices': [{'label': 'Grave ğŸ˜¢', 'value': 'GRAVE'}, {'label': 'Moderado ğŸ™', 'value': 'MODERADO'}, {'label': 'Leve ğŸ˜', 'value': 'LEVE'}, {'label': 'Ninguno âŒ', 'value': 'NINGUNO'}]}"
dim_medamb_18f,Incendios forestales,radio,,ContaminaciÃ³n del aire,109,"{'choices': [{'label': 'Grave ğŸ˜¢', 'value': 'GRAVE'}, {'label': 'Moderado ğŸ™', 'value': 'MODERADO'}, {'label': 'Leve ğŸ˜', 'value': 'LEVE'}, {'label': 'Ninguno âŒ', 'value': 'NINGUNO'}]}"
dim_medamb_18g,Tormentas de arena,radio,,ContaminaciÃ³n del aire,109,"{'choices': [{'label': 'Grave ğŸ˜¢', 'value': 'GRAVE'}, {'label': 'Moderado ğŸ™', 'value': 'MODERADO'}, {'label': 'Leve ğŸ˜', 'value': 'LEVE'}, {'label': 'Ninguno âŒ', 'value': 'NINGUNO'}]}"
dim_medamb_18h,SensaciÃ³n de malestar al transitar por la zona,radio,"ej. picor de ojos, nariz, ojos llorosos, dolor de cabeza, nÃ¡useas, etc.",ContaminaciÃ³n del aire,109,"{'choices': [{'label': 'Grave ğŸ˜¢', 'value': 'GRAVE'}, {'label': 'Moderado ğŸ™', 'value': 'MODERADO'}, {'label': 'Leve ğŸ˜', 'value': 'LEVE'}, {'label': 'Ninguno âŒ', 'value': 'NINGUNO'}]}"
dim_medamb_18j,Otro,short_text,"Por favor, especifique.",ContaminaciÃ³n del aire,109,
dim_medamb_21a,Selecciona el tipo de drenaje y/o alcantarillado,radio,,Drenaje y alcantarillado,110,"{'choices': [{'label': 'Alcantarillado (tuberÃ­as de aguas residuales)', 'value': 'ALCANTARILLADO'}, {'label': 'Drenaje de agua de lluvias (tuberÃ­as, rejillas y otras estructuras para agua de lluvia)', 'value': 'DRENAJE'}, {'label': 'Otro', 'value': 'OTRO'}, {'label': 'No hay', 'value': 'NO_HAY'}]}"
dim_medamb_21b,Otro,short_text,"Por favor, especifique.",Drenaje y alcantarillado,110,
dim_medamb_21c,Punto de acumulaciÃ³n de agua en calles,radio,Zonas que se encharcan.,Drenaje y alcantarillado,110,"{'choices': [{'label': 'Grave ğŸ˜¢', 'value': 'GRAVE'}, {'label': 'Moderado ğŸ™', 'value': 'MODERADO'}, {'label': 'Leve ğŸ˜', 'value': 'LEVE'}, {'label': 'Ninguno âŒ', 'value': 'NINGUNO'}]}"
dim_medamb_21d,Inundaciones dentro de viviendas y/o negocios,radio,,Drenaje y alcantarillado,110,"{'choices': [{'label': 'Grave ğŸ˜¢', 'value': 'GRAVE'}, {'label': 'Moderado ğŸ™', 'value': 'MODERADO'}, {'label': 'Leve ğŸ˜', 'value': 'LEVE'}, {'label': 'Ninguno âŒ', 'value': 'NINGUNO'}]}"
dim_medamb_21e,AcumulaciÃ³n de basura y contaminaciÃ³n,radio,,Drenaje y alcantarillado,110,"{'choices': [{'label': 'Grave ğŸ˜¢', 'value': 'GRAVE'}, {'label': 'Moderado ğŸ™', 'value': 'MODERADO'}, {'label': 'Leve ğŸ˜', 'value': 'LEVE'}, {'label': 'Ninguno âŒ', 'value': 'NINGUNO'}]}"
dim_medamb_21f,Malos olores,radio,"Mal olor, desechos orgÃ¡nicos, basura, entre otros",Drenaje y alcantarillado,110,"{'choices': [{'label': 'Grave ğŸ˜¢', 'value': 'GRAVE'}, {'label': 'Moderado ğŸ™', 'value': 'MODERADO'}, {'label': 'Leve ğŸ˜', 'value': 'LEVE'}, {'label': 'Ninguno âŒ', 'value': 'NINGUNO'}]}"
dim_medamb_21g,"Zonas sin alcantarillado, descargas de aguas residuales domiciliarias a la calle",radio,,Drenaje y alcantarillado,110,"{'choices': [{'label': 'Grave ğŸ˜¢', 'value': 'GRAVE'}, {'label': 'Moderado ğŸ™', 'value': 'MODERADO'}, {'label': 'Leve ğŸ˜', 'value': 'LEVE'}, {'label': 'Ninguno âŒ', 'value': 'NINGUNO'}]}"
dim_medamb_21h,"Zonas sin drenaje, al llover se inunda o se acumula agua",radio,,Drenaje y alcantarillado,110,"{'choices': [{'label': 'Grave ğŸ˜¢', 'value': 'GRAVE'}, {'label': 'Moderado ğŸ™', 'value': 'MODERADO'}, {'label': 'Leve ğŸ˜', 'value': 'LEVE'}, {'label': 'Ninguno âŒ', 'value': 'NINGUNO'}]}"
dim_medamb_21i,Estructuras de contenciÃ³n de agua de lluvias en mal estado o insuficientes,radio,,Drenaje y alcantarillado,110,"{'choices': [{'label': 'Grave ğŸ˜¢', 'value': 'GRAVE'}, {'label': 'Moderado ğŸ™', 'value': 'MODERADO'}, {'label': 'Leve ğŸ˜', 'value': 'LEVE'}, {'label': 'Ninguno âŒ', 'value': 'NINGUNO'}]}"
dim_medamb_21k,Otro,short_text,"Por favor, especifique.",Drenaje y alcantarillado,110,
dim_medamb_20a,Selecciona el tipo de fuente natural de agua,radio,,Fuentes naturales de agua,111,"{'choices': [{'label': 'RÃ­o o canal', 'value': 'RIO_CANAL'}, {'label': 'Lago o estanque', 'value': 'LAGO_ESTANQUE'}, {'label': 'Humedal', 'value': 'HUMEDAL'}, {'label': 'Pozo', 'value': 'POZO'}, {'label': 'Otro', 'value': 'OTRO'}]}"
dim_medamb_20b,Otro,short_text,"Por favor, especifica.",Fuentes naturales de agua,111,
dim_medamb_20c,"Cambios en los niveles de agua de rÃ­os, lagos o estanques, o se encuentran secos",radio,,Fuentes naturales de agua,111,"{'choices': [{'label': 'Grave ğŸ˜¢', 'value': 'GRAVE'}, {'label': 'Moderado ğŸ™', 'value': 'MODERADO'}, {'label': 'Leve ğŸ˜', 'value': 'LEVE'}]}"
dim_medamb_20d,"Fuentes de contaminaciÃ³n (basura, alcantarillado) cerca de las fuentes de agua",radio,,Fuentes naturales de agua,111,"{'choices': [{'label': 'Grave ğŸ˜¢', 'value': 'GRAVE'}, {'label': 'Moderado ğŸ™', 'value': 'MODERADO'}, {'label': 'Leve ğŸ˜', 'value': 'LEVE'}]}"
dim_medamb_20e,"ReducciÃ³n de la biodiversidad (animales acuÃ¡ticos), si existÃ­an antes",radio,,Fuentes naturales de agua,111,"{'choices': [{'label': 'Grave ğŸ˜¢', 'value': 'GRAVE'}, {'label': 'Moderado ğŸ™', 'value': 'MODERADO'}, {'label': 'Leve ğŸ˜', 'value': 'LEVE'}]}"
dim_medamb_20g,Otro,short_text,"Por favor, especifica.",Fuentes naturales de agua,111,
dim_medamb_15a,Â¿QuÃ© propondrÃ­as para mejorar la separaciÃ³n y recolecciÃ³n de basura en este punto?,checkbox,Puedes seleccionar mÃ¡s de una.,Punto de recolecciÃ³n de basura y reciclaje (POTENCIAL) â­ï¸â­ï¸,112,"{'choices': [{'label': 'Instalar contenedores de basura', 'value': 'INSTALAR_CONTENEDORES'}, {'label': 'Instalar basureros', 'value': 'INSTALAR_BASUREROS'}, {'label': 'Instalar puntos de reciclaje', 'value': 'INSTALAR_PUNTOS_RECICLAJE'}, {'label': 'Instalar puntos de compostaje', 'value': 'INSTALAR_PUNTOS_COMPOSTAJE'}, {'label': 'Instalar puntos para recoleciÃ³n de otros tipos de basura (residuos peligrosos, construcciÃ³n)', 'value': 'INSTALAR_PUNTOS_OTROS'}, {'label': 'Generar un espacio de educaciÃ³n ambiental sobre la separaciÃ³n de basura', 'value': 'ESPACIO_EDUCACION_AMBIENTAL'}, {'label': 'Generar un espacio para cooperativas de reciclaje ', 'value': 'COOPERATIVA_RECICLAJE'}]}"
dim_medamb_15b,Selecciona las razones por las que consideras que la zona tiene potencial.,checkbox,Puedes seleccionar mÃ¡s de una.,Punto de recolecciÃ³n de basura y reciclaje (POTENCIAL) â­ï¸â­ï¸,112,"{'choices': [{'label': 'EstÃ¡ cerca de la mayorÃ­a de los hogares y negocios del barrio.', 'value': 'CERCA_HOGARES'}, {'label': 'Hay espacio suficiente ', 'value': 'ESPACIO_SUFICIENTE'}, {'label': 'Hay capacidad para diferentes tipos de basura (papel, plÃ¡stico, vidrio, metal, aceite usado, electronicos, etc)', 'value': 'HAY_CAPACIDAD'}, {'label': 'Terreno adecuado con buena exposiciÃ³n al sol y fÃ¡cil acceso al agua (para compostaje)', 'value': 'TERRENO_ADECUADO'}, {'label': 'Otro', 'value': 'OTRO'}]}"
dim_medamb_15c,Otro,short_text,"Por favor, especifique",Punto de recolecciÃ³n de basura y reciclaje (POTENCIAL) â­ï¸â­ï¸,112,
dim_medamb_16a,Selecciona el tipo de punto.,radio,,Puntos de acumulaciÃ³n de basura,115,"{'choices': [{'label': 'Tiradero y/o relleno sanitario oficial (municipal o privado)', 'value': 'TIRADERO_OFICIAL'}, {'label': 'Tiradero de basura no oficial', 'value': 'TIRADERO_NO_OFICIAL'}, {'label': 'AcumulaciÃ³n de basura puntual', 'value': 'ACUMULACION_BASURA'}]}"
dim_medamb_16b,Mal olor,radio,,Puntos de acumulaciÃ³n de basura,115,"{'choices': [{'label': 'Grave ğŸ˜¢', 'value': 'GRAVE'}, {'label': 'Moderado ğŸ™', 'value': 'MODERADO'}, {'label': 'Leve ğŸ˜', 'value': 'LEVE'}]}"
dim_medamb_16c,"Plaga de animales/insectos (ratas, moscas, entre otras)",radio,,Puntos de acumulaciÃ³n de basura,115,"{'choices': [{'label': 'Grave ğŸ˜¢', 'value': 'GRAVE'}, {'label': 'Moderado ğŸ™', 'value': 'MODERADO'}, {'label': 'Leve ğŸ˜', 'value': 'LEVE'}]}"
dim_medamb_16d,Rellenos sanitarios no controlados,radio,,Puntos de acumulaciÃ³n de basura,115,"{'choices': [{'label': 'Grave ğŸ˜¢', 'value': 'GRAVE'}, {'label': 'Moderado ğŸ™', 'value': 'MODERADO'}, {'label': 'Leve ğŸ˜', 'value': 'LEVE'}]}"
dim_medamb_16e,Problema de recolecciÃ³n de basura en la zona,radio,,Puntos de acumulaciÃ³n de basura,115,"{'choices': [{'label': 'Grave ğŸ˜¢', 'value': 'GRAVE'}, {'label': 'Moderado ğŸ™', 'value': 'MODERADO'}, {'label': 'Leve ğŸ˜', 'value': 'LEVE'}]}"
dim_medamb_16f,Falta de limpieza en las calles cercanas,radio,,Puntos de acumulaciÃ³n de basura,115,"{'choices': [{'label': 'Grave ğŸ˜¢', 'value': 'GRAVE'}, {'label': 'Moderado ğŸ™', 'value': 'MODERADO'}, {'label': 'Leve ğŸ˜', 'value': 'LEVE'}]}"
dim_medamb_16h,Otro,short_text,"Por favor, especifica.",Puntos de acumulaciÃ³n de basura,115,
dim_enturb_9a,"En general, Â¿consideras que la banqueta y/o camino estÃ¡ en buenas condiciones?",radio,,Banquetas y caminos,116,"{'choices': [{'label': 'SÃ­, estÃ¡ en buenas condiciones.', 'value': 'SI'}, {'label': 'No, presenta problemas.', 'value': 'NO'}]}"
dim_enturb_9b,No hay banqueta,radio,,Banquetas y caminos,116,"{'choices': [{'label': 'Grave ğŸ˜¢', 'value': 'GRAVE'}, {'label': 'Moderado ğŸ™', 'value': 'MODERADO'}, {'label': 'Leve ğŸ˜', 'value': 'LEVE'}]}"
dim_enturb_9c,Ancho insuficiente,radio,"No caben dos personas, con silla de ruedas o carreola",Banquetas y caminos,116,"{'choices': [{'label': 'Grave ğŸ˜¢', 'value': 'GRAVE'}, {'label': 'Moderado ğŸ™', 'value': 'MODERADO'}, {'label': 'Leve ğŸ˜', 'value': 'LEVE'}]}"
dim_enturb_9d,ObstÃ¡culos,radio,"AutomÃ³viles que impidan caminar, Ã¡rboles, postes, entre otros",Banquetas y caminos,116,"{'choices': [{'label': 'Grave ğŸ˜¢', 'value': 'GRAVE'}, {'label': 'Moderado ğŸ™', 'value': 'MODERADO'}, {'label': 'Leve ğŸ˜', 'value': 'LEVE'}]}"
dim_enturb_9e,Pavimento insuficiente o en mal estado,radio,"Superficies sin pavimento, baches, grietas, agujeros",Banquetas y caminos,116,"{'choices': [{'label': 'Grave ğŸ˜¢', 'value': 'GRAVE'}, {'label': 'Moderado ğŸ™', 'value': 'MODERADO'}, {'label': 'Leve ğŸ˜', 'value': 'LEVE'}]}"
dim_enturb_9f,Falta sombra,radio,"Arbolado, elementos fijos que den sombra, entre otros",Banquetas y caminos,116,"{'choices': [{'label': 'Grave ğŸ˜¢', 'value': 'GRAVE'}, {'label': 'Moderado ğŸ™', 'value': 'MODERADO'}, {'label': 'Leve ğŸ˜', 'value': 'LEVE'}]}"
dim_enturb_9g,Falta de iluminaciÃ³n,radio,,Banquetas y caminos,116,"{'choices': [{'label': 'Grave ğŸ˜¢', 'value': 'GRAVE'}, {'label': 'Moderado ğŸ™', 'value': 'MODERADO'}, {'label': 'Leve ğŸ˜', 'value': 'LEVE'}]}"
dim_enturb_9h,Inseguridad vial,radio,"Atropellos, choques",Banquetas y caminos,116,"{'choices': [{'label': 'Grave ğŸ˜¢', 'value': 'GRAVE'}, {'label': 'Moderado ğŸ™', 'value': 'MODERADO'}, {'label': 'Leve ğŸ˜', 'value': 'LEVE'}]}"
dim_enturb_9i,Inseguridad por asaltos y/o robos,radio,,Banquetas y caminos,116,"{'choices': [{'label': 'Grave ğŸ˜¢', 'value': 'GRAVE'}, {'label': 'Moderado ğŸ™', 'value': 'MODERADO'}, {'label': 'Leve ğŸ˜', 'value': 'LEVE'}]}"
dim_enturb_9o,Inseguridad por situaciones de acoso,radio,,Banquetas y caminos,116,"{'choices': [{'label': 'Grave ğŸ˜¢', 'value': 'GRAVE'}, {'label': 'Moderado ğŸ™', 'value': 'GRAVE'}, {'label': 'Leve ğŸ˜', 'value': 'LEVE'}]}"
dim_enturb_9j,Falta mobiliario urbano,radio,"Bancos, basureros, etc.",Banquetas y caminos,116,"{'choices': [{'label': 'Grave ğŸ˜¢', 'value': 'GRAVE'}, {'label': 'Moderado ğŸ™', 'value': 'MODERADO'}, {'label': 'Leve ğŸ˜', 'value': 'LEVE'}]}"
dim_enturb_9k,"No hay presencia de otras personas, mujeres, niÃ±as y niÃ±os",radio,,Banquetas y caminos,116,"{'choices': [{'label': 'Grave ğŸ˜¢', 'value': 'GRAVE'}, {'label': 'Moderado ğŸ™', 'value': 'MODERADO'}, {'label': 'Leve ğŸ˜', 'value': 'LEVE'}]}"
dim_enturb_9l,No hay visibilidad y actividades alrededor,radio,"Tiendas, frentes y fachadas con ventanas",Banquetas y caminos,116,"{'choices': [{'label': 'Grave ğŸ˜¢', 'value': 'GRAVE'}, {'label': 'Moderado ğŸ™', 'value': 'MODERADO'}, {'label': 'Leve ğŸ˜', 'value': 'LEVE'}]}"
dim_enturb_9m,No hay presencia de personal de seguridad,radio,"Guardias, policias, etc.",Banquetas y caminos,116,"{'choices': [{'label': 'Grave ğŸ˜¢', 'value': 'GRAVE'}, {'label': 'Moderado ğŸ™', 'value': 'MODERADO'}, {'label': 'Leve ğŸ˜', 'value': 'LEVE'}]}"
dim_enturb_9n,No hay elementos de seguridad,radio,"cÃ¡maras de seguridad, alarmas, botones de pÃ¡nico",Banquetas y caminos,116,"{'choices': [{'label': 'Grave ğŸ˜¢', 'value': 'GRAVE'}, {'label': 'Moderado ğŸ™', 'value': 'MODERADO'}, {'label': 'Leve ğŸ˜', 'value': 'LEVE'}]}"
,Otro,short_text,"Por favor, especifique.",Banquetas y caminos,116,
dim_enturb_11b,Selecciona las razones por las que consideras es necesario el/los elemento/s.,checkbox,Puedes seleccionar mÃ¡s de uno,Banquetas y cruces peatonales (POTENCIALES) â­ï¸â­ï¸,117,"{'choices': [{'label': 'Hay muchas personas que caminan en esta Ã¡rea', 'value': 'HAY_MUCHOS_PEATONES'}, {'label': 'Mejorar la seguridad al caminar y cruzar las calles y evitar siniestros viales', 'value': 'MEJORAR_SEGURIDAD'}, {'label': 'Para fomentar que las niÃ±as y niÃ±os caminen con seguridad', 'value': 'FOMENTAR_SEGURIDAD_INFANTIL'}, {'label': 'Para conectar escuelas, parques/espacios abiertos cercanos ', 'value': 'CONECTAR_ESPACIOS'}, {'label': 'Para fomentar el comercio local', 'value': 'FOMENTAR_COMERCIO_LOCAL'}, {'label': 'Mejorar la apariencia del espacio pÃºblico y embellecer el Ã¡rea', 'value': 'MEJORAR_APARIENCIA'}, {'label': 'Otro', 'value': 'OTRO'}]}"
dim_enturb_11a,Â¿QuÃ© elemento quieres proponer?,checkbox,Puedes seleccionar mÃ¡s de uno.,Banquetas y cruces peatonales (POTENCIALES) â­ï¸â­ï¸,117,"{'choices': [{'label': 'Banqueta', 'value': 'BANQUETA'}, {'label': 'Calle peatonal', 'value': 'CALLE_PEATONAL'}, {'label': 'Cruce peatonal', 'value': 'CRUCE_PEATONAL'}]}"
dim_enturb_11c,Otro,short_text,"Por favor, especifica.",Banquetas y cruces peatonales (POTENCIALES) â­ï¸â­ï¸,117,
dim_enturb_6a,Â¿QuÃ© elementos quieres proponer?,radio,Puedes seleccionar mÃ¡s de uno.,CiclovÃ­as y biciestacionamientos (POTENCIALES) â­ï¸â­ï¸,119,"{'choices': [{'label': 'CiclovÃ­a', 'value': 'CICLOVIA'}, {'label': 'Calle con preferencia ciclista o zona 30 km/hr', 'value': 'CALLE_PREFERENCIA'}, {'label': 'Biciestacionamientos', 'value': 'BICIESTACIONAMIENTO'}]}"
dim_enturb_6b,Selecciona las razones por las que consideras es necesario el elemento.,checkbox,Puedes seleccionar mÃ¡s de una.,CiclovÃ­as y biciestacionamientos (POTENCIALES) â­ï¸â­ï¸,119,"{'choices': [{'label': 'Hay muchas personas que usan la bicicleta', 'value': 'HAY_MUCHOS_CICLCISTAS'}, {'label': 'Mejorar la seguridad al andar en bicicleta y/o estacionar la bicicleta', 'value': 'MEJORAR_SEGURIDAD'}, {'label': 'Para fomentar que las niÃ±as y niÃ±os anden en bicicleta', 'value': 'FOMENTAR_USO_INFANTIL'}, {'label': 'Para poder conectar escuelas, parques/espacios abiertos cercanos ', 'value': 'CONECTAR_ESPACIOS'}, {'label': 'Otro', 'value': 'OTRAS'}]}"
dim_enturb_6c,Otro,short_text,"Por favor, especifica",CiclovÃ­as y biciestacionamientos (POTENCIALES) â­ï¸â­ï¸,119,
dim_enturb_10a,Seguridad ante siniestros viales como atropellamientos y choques,radio,A salvo de siniestros viales como atropellamientos y choques,Cruces peatonales,121,"{'choices': [{'label': 'No hay âŒ', 'value': 'NO_HAY'}, {'label': 'Malo ğŸ˜¡', 'value': 'MALO'}, {'label': 'Regular ğŸ˜', 'value': 'REGULAR'}, {'label': 'Bueno ğŸ˜Š', 'value': 'BUENO'}]}"
dim_enturb_10b,Distancia de cruce,radio,"Idealmente, mÃ¡ximo dos carriles de automÃ³viles",Cruces peatonales,121,"{'choices': [{'label': 'No hay âŒ', 'value': 'NO_HAY'}, {'label': 'Malo ğŸ˜¡', 'value': 'MALO'}, {'label': 'Regular ğŸ˜', 'value': 'REGULAR'}, {'label': 'Bueno ğŸ˜Š', 'value': 'BUENO'}]}"
dim_enturb_10c,Es cÃ³modo cruzar usando sillas de ruedas y coches/carreolas de bebÃ©,radio,"Tiene rampas, sin obstÃ¡culos como postes",Cruces peatonales,121,"{'choices': [{'label': 'No hay âŒ', 'value': 'NO_HAY'}, {'label': 'Malo ğŸ˜¡', 'value': 'MALO'}, {'label': 'Regular ğŸ˜', 'value': 'REGULAR'}, {'label': 'Bueno ğŸ˜Š', 'value': 'BUENO'}]}"
dim_enturb_10d,SeÃ±ales de trÃ¡nsito que indican que hay un cruce,radio,,Cruces peatonales,121,"{'choices': [{'label': 'No hay âŒ', 'value': 'NO_HAY'}, {'label': 'Malo ğŸ˜¡', 'value': 'MALO'}, {'label': 'Regular ğŸ˜', 'value': 'REGULAR'}, {'label': 'Bueno ğŸ˜Š', 'value': 'BUENO'}]}"
dim_enturb_10e,Tiempo suficiente para cruzar,radio,,Cruces peatonales,121,"{'choices': [{'label': 'No hay âŒ', 'value': 'NO_HAY'}, {'label': 'Malo ğŸ˜¡', 'value': 'MALO'}, {'label': 'Regular ğŸ˜', 'value': 'REGULAR'}, {'label': 'Bueno ğŸ˜Š', 'value': 'BUENO'}]}"
dim_enturb_10f,SemÃ¡foro peatonal en funcionamiento,radio,,Cruces peatonales,121,"{'choices': [{'label': 'No hay âŒ', 'value': 'NO_HAY'}, {'label': 'Malo ğŸ˜¡', 'value': 'MALO'}, {'label': 'Regular ğŸ˜', 'value': 'REGULAR'}, {'label': 'Bueno ğŸ˜Š', 'value': 'BUENO'}]}"
dim_enturb_10h,Otro,short_text,"Por favor, especifique.",Cruces peatonales,121,
dim_enturb_2c,Diversidad e integraciÃ³n de personas (todas las personas son bienvenidas),radio,,"Edificios pÃºblicos, tiendas y lugares para la comunidad",122,"{'choices': [{'label': 'Malo ğŸ˜¡', 'value': 'MALO'}, {'label': 'Regular ğŸ˜', 'value': 'REGULAR'}, {'label': 'Bueno ğŸ˜Š', 'value': 'BUENO'}]}"
dim_enturb_2a,Â¿QuÃ© equipamiento o servicio quieres mapear?,select,,"Edificios pÃºblicos, tiendas y lugares para la comunidad",122,"{'choices': [{'label': 'Tienda de abarrotes y alimentos', 'value': 'TIENDA_ABARROTES'}, {'label': 'Farmacia', 'value': 'FARMACIA'}, {'label': 'Establecimientos de salud', 'value': 'ESTABLECIMIENTOS_SALUD'}, {'label': 'GuarderÃ­as, preescolares, bebÃ©s e infnacia', 'value': 'GUARDERIA_PREESCOLAR'}, {'label': 'Escuela', 'value': 'ESCUELA'}, {'label': 'Espacio comunitario (para reuniones comunitarias, servicios comunes)', 'value': 'ESPACIO_COMUNITARIO'}, {'label': 'Espacio cultural', 'value': 'ESPACIO_CULTURAL'}, {'label': 'InstalaciÃ³n recreativa/deportiva pÃºblica', 'value': 'INSTALACION_RECREATIVA'}, {'label': 'Servicio de atenciÃ³n al pÃºblico (bancos, pago de cuentas)', 'value': 'SERVICIO_ATENCION_PUBLICO'}, {'label': 'Restaurante o cafÃ©', 'value': 'RESTAURANTE_CAFE'}, {'label': 'Otras', 'value': 'OTRAS'}]}"
dim_enturb_2b,Otras,short_text,,"Edificios pÃºblicos, tiendas y lugares para la comunidad",122,
dim_enturb_2d,Facilidad en el ingreso para personas en sillas de ruedas y/o con coches/carreolas,radio,"Hay ascensores, rampas, etc","Edificios pÃºblicos, tiendas y lugares para la comunidad",122,"{'choices': [{'label': 'Malo ğŸ˜¡', 'value': 'MALO'}, {'label': 'Regular ğŸ˜', 'value': 'REGULAR'}, {'label': 'Bueno ğŸ˜Š', 'value': 'BUENO'}]}"
dim_enturb_2e,Precios y costos de servicios,radio,Son bajos y/o gratuitos,"Edificios pÃºblicos, tiendas y lugares para la comunidad",122,"{'choices': [{'label': 'Malo ğŸ˜¡', 'value': 'MALO'}, {'label': 'Regular ğŸ˜', 'value': 'REGULAR'}, {'label': 'Bueno ğŸ˜Š', 'value': 'BUENO'}]}"
dim_enturb_12a,Selecciona el espacio,radio,,Espacios pÃºblicos y Ã¡reas verdes,123,"{'choices': [{'label': 'Parque', 'value': 'PARQUE'}, {'label': 'Plaza', 'value': 'PLAZA'}, {'label': 'JardÃ­n', 'value': 'JARDIN'}, {'label': 'Cancha deportiva', 'value': 'CANCHA_DEPORTIVA'}, {'label': 'Otro', 'value': 'OTRO'}]}"
dim_enturb_12b,IluminaciÃ³n,radio,,Espacios pÃºblicos y Ã¡reas verdes,123,"{'choices': [{'label': 'No hay âŒ', 'value': 'NO_HAY'}, {'label': 'Malo ğŸ˜¡', 'value': 'MALO'}, {'label': 'Regular ğŸ˜', 'value': 'REGULAR'}, {'label': 'Bueno ğŸ˜Š', 'value': 'BUENO'}]}"
dim_enturb_12c,Elementos fijos que den sombra,radio,,Espacios pÃºblicos y Ã¡reas verdes,123,"{'choices': [{'label': 'No hay âŒ', 'value': 'NO_HAY'}, {'label': 'Malo ğŸ˜¡', 'value': 'MALO'}, {'label': 'Regular ğŸ˜', 'value': 'REGULAR'}, {'label': 'Bueno ğŸ˜Š', 'value': 'BUENO'}]}"
dim_enturb_12d,Espacios de descanso,radio,"Bancas, mesas, etc.",Espacios pÃºblicos y Ã¡reas verdes,123,"{'choices': [{'label': 'No hay âŒ', 'value': 'NO_HAY'}, {'label': 'Malo ğŸ˜¡', 'value': 'MALO'}, {'label': 'Regular ğŸ˜', 'value': 'REGULAR'}, {'label': 'Bueno ğŸ˜Š', 'value': 'BUENO'}]}"
dim_enturb_12e,Espacios de recreaciÃ³n,radio,"Juegos, estructura de ejercicio",Espacios pÃºblicos y Ã¡reas verdes,123,"{'choices': [{'label': 'No hay âŒ', 'value': 'NO_HAY'}, {'label': 'Malo ğŸ˜¡', 'value': 'MALO'}, {'label': 'Regular ğŸ˜', 'value': 'REGULAR'}, {'label': 'Bueno ğŸ˜Š', 'value': 'BUENO'}]}"
dim_enturb_12f,Mobiliario,radio,"Basureros, bicicleteros, bebederos",Espacios pÃºblicos y Ã¡reas verdes,123,"{'choices': [{'label': 'No hay âŒ', 'value': 'NO_HAY'}, {'label': 'Malo ğŸ˜¡', 'value': 'MALO'}, {'label': 'Regular ğŸ˜', 'value': 'REGULAR'}, {'label': 'Bueno ğŸ˜Š', 'value': 'BUENO'}]}"
dim_enturb_12g,"PercepciÃ³n de seguridad ante delitos, asaltos y/o robos",radio,,Espacios pÃºblicos y Ã¡reas verdes,123,"{'choices': [{'label': 'No hay âŒ', 'value': 'NO_HAY'}, {'label': 'Malo ğŸ˜¡', 'value': 'MALO'}, {'label': 'Regular ğŸ˜', 'value': 'REGULAR'}, {'label': 'Bueno ğŸ˜Š', 'value': 'BUENO'}]}"
dim_enturb_12v,PercepciÃ³n de seguridad ante situaciones de acoso,radio,,Espacios pÃºblicos y Ã¡reas verdes,123,"{'choices': [{'label': 'No hay âŒ', 'value': 'NO_HAY'}, {'label': 'Malo ğŸ˜¡', 'value': 'MALO'}, {'label': 'Regular ğŸ˜', 'value': 'REGULAR'}, {'label': 'Bueno ğŸ˜Š', 'value': 'BUENO'}]}"
dim_enturb_12h,PercepciÃ³n de limpieza y mantenciÃ³n,radio,"Libre de basura y contaminaciÃ³n, sin zonas escarchadas",Espacios pÃºblicos y Ã¡reas verdes,123,"{'choices': [{'label': 'No hay âŒ', 'value': 'NO_HAY'}, {'label': 'Malo ğŸ˜¡', 'value': 'MALO'}, {'label': 'Regular ğŸ˜', 'value': 'REGULAR'}, {'label': 'Bueno ğŸ˜Š', 'value': 'BUENO'}]}"
dim_enturb_12i,Ãreas verdes y vegetaciÃ³n,radio,"Biodiversidad de especies, Ã¡rboles y arbustos",Espacios pÃºblicos y Ã¡reas verdes,123,"{'choices': [{'label': 'No hay âŒ', 'value': 'NO_HAY'}, {'label': 'Malo ğŸ˜¡', 'value': 'MALO'}, {'label': 'Regular ğŸ˜', 'value': 'REGULAR'}, {'label': 'Bueno ğŸ˜Š', 'value': 'BUENO'}]}"
dim_enturb_12j,Espacios para el cuidado de infancias,radio,"lactarios, mudadores de bebÃ©s",Espacios pÃºblicos y Ã¡reas verdes,123,"{'choices': [{'label': 'No hay âŒ', 'value': 'NO_HAY'}, {'label': 'Malo ğŸ˜¡', 'value': 'MALO'}, {'label': 'Regular ğŸ˜', 'value': 'REGULAR'}, {'label': 'Bueno ğŸ˜Š', 'value': 'BUENO'}]}"
dim_enturb_12k,Elementos de seguridad,radio,"alarmas, botones de pÃ¡nico, cÃ¡maras",Espacios pÃºblicos y Ã¡reas verdes,123,"{'choices': [{'label': 'No hay âŒ', 'value': 'NO_HAY'}, {'label': 'Malo ğŸ˜¡', 'value': 'MALO'}, {'label': 'Regular ğŸ˜', 'value': 'REGULAR'}, {'label': 'Bueno ğŸ˜Š', 'value': 'BUENO'}]}"
dim_enturb_12l,Es posible acceder caminando y en bicicleta,radio,,Espacios pÃºblicos y Ã¡reas verdes,123,"{'choices': [{'label': 'No hay âŒ', 'value': 'NO_HAY'}, {'label': 'Malo ğŸ˜¡', 'value': 'MALO'}, {'label': 'Regular ğŸ˜', 'value': 'REGULAR'}, {'label': 'Bueno ğŸ˜Š', 'value': 'BUENO'}]}"
dim_enturb_12m,Diversidad de actividades en el espacio,radio,,Espacios pÃºblicos y Ã¡reas verdes,123,"{'choices': [{'label': 'No hay âŒ', 'value': 'NO_HAY'}, {'label': 'Malo ğŸ˜¡', 'value': 'MALO'}, {'label': 'Regular ğŸ˜', 'value': 'REGULAR'}, {'label': 'Bueno ğŸ˜Š', 'value': 'BUENO'}]}"
dim_enturb_12n,Diversidad de personas usando el espacio,radio,"mujeres, infancia, personas mayores y con discapacidad",Espacios pÃºblicos y Ã¡reas verdes,123,"{'choices': [{'label': 'No hay âŒ', 'value': 'NO_HAY'}, {'label': 'Malo ğŸ˜¡', 'value': 'MALO'}, {'label': 'Regular ğŸ˜', 'value': 'REGULAR'}, {'label': 'Bueno ğŸ˜Š', 'value': 'BUENO'}]}"
dim_enturb_12o,"Presencia de mujeres, adolescentes, niÃ±os y niÃ±as, de dÃ­a y noche",radio,,Espacios pÃºblicos y Ã¡reas verdes,123,"{'choices': [{'label': 'No hay âŒ', 'value': 'NO_HAY'}, {'label': 'Malo ğŸ˜¡', 'value': 'MALO'}, {'label': 'Regular ğŸ˜', 'value': 'REGULAR'}, {'label': 'Bueno ğŸ˜Š', 'value': 'BUENO'}]}"
dim_enturb_12p,Presencia de zonas seguras y de resguardo ante emergencias,radio,,Espacios pÃºblicos y Ã¡reas verdes,123,"{'choices': [{'label': 'No hay âŒ', 'value': 'NO_HAY'}, {'label': 'Malo ğŸ˜¡', 'value': 'MALO'}, {'label': 'Regular ğŸ˜', 'value': 'REGULAR'}, {'label': 'Bueno ğŸ˜Š', 'value': 'BUENO'}]}"
dim_enturb_12q,El entorno del espacio es limpio y seguro,radio,,Espacios pÃºblicos y Ã¡reas verdes,123,"{'choices': [{'label': 'No hay âŒ', 'value': 'NO_HAY'}, {'label': 'Malo ğŸ˜¡', 'value': 'MALO'}, {'label': 'Regular ğŸ˜', 'value': 'REGULAR'}, {'label': 'Bueno ğŸ˜Š', 'value': 'BUENO'}]}"
dim_enturb_12s,Otro,short_text,"Por favor, especifica.",Espacios pÃºblicos y Ã¡reas verdes,123,
dim_enturb_3f,PercepciÃ³n de seguridad,radio,,Paradas de transporte pÃºblico existentes,124,"{'choices': [{'label': 'No hay âŒ', 'value': 'NO_HAY'}, {'label': 'Malo ğŸ˜¡', 'value': 'MALO'}, {'label': 'Regular ğŸ˜', 'value': 'REGULAR'}, {'label': 'Bueno ğŸ˜Š', 'value': 'BUENO'}]}"
dim_enturb_3a,Techo,radio,ProtecciÃ³n lluvia y sol.,Paradas de transporte pÃºblico existentes,124,"{'choices': [{'label': 'No hay âŒ', 'value': 'NO_HAY'}, {'label': 'Malo ğŸ˜¡', 'value': 'MALO'}, {'label': 'Regular ğŸ˜', 'value': 'REGULAR'}, {'label': 'Bueno ğŸ˜Š', 'value': 'BUENO'}]}"
dim_enturb_3b,Elementos para sentarse y esperar,radio,"Bancas, etc.",Paradas de transporte pÃºblico existentes,124,"{'choices': [{'label': 'No hay âŒ', 'value': 'NO_HAY'}, {'label': 'Malo ğŸ˜¡', 'value': 'MALO'}, {'label': 'Regular ğŸ˜', 'value': 'REGULAR'}, {'label': 'Bueno ğŸ˜Š', 'value': 'BUENO'}]}"
dim_enturb_3c,Espacio suficiente para las personas,radio,,Paradas de transporte pÃºblico existentes,124,"{'choices': [{'label': 'No hay âŒ', 'value': 'NO_HAY'}, {'label': 'Malo ğŸ˜¡', 'value': 'MALO'}, {'label': 'Regular ğŸ˜', 'value': 'REGULAR'}, {'label': 'Bueno ğŸ˜Š', 'value': 'BUENO'}]}"
dim_enturb_3d,IluminaciÃ³n en la parada,radio,,Paradas de transporte pÃºblico existentes,124,"{'choices': [{'label': 'No hay âŒ', 'value': 'NO_HAY'}, {'label': 'Malo ğŸ˜¡', 'value': 'MALO'}, {'label': 'Regular ğŸ˜', 'value': 'REGULAR'}, {'label': 'Bueno ğŸ˜Š', 'value': 'BUENO'}]}"
dim_enturb_3e,SeÃ±alizaciÃ³n,radio,Poste con Ã­cono de autobÃºs,Paradas de transporte pÃºblico existentes,124,"{'choices': [{'label': 'No hay âŒ', 'value': 'NO_HAY'}, {'label': 'Malo ğŸ˜¡', 'value': 'MALO'}, {'label': 'Regular ğŸ˜', 'value': 'REGULAR'}, {'label': 'Bueno ğŸ˜Š', 'value': 'BUENO'}]}"
dim_enturb_3g,Parada de ascenso y descenso de pasajeros establecida,radio,,Paradas de transporte pÃºblico existentes,124,"{'choices': [{'label': 'No hay âŒ', 'value': 'NO_HAY'}, {'label': 'Malo ğŸ˜¡', 'value': 'MALO'}, {'label': 'Regular ğŸ˜', 'value': 'REGULAR'}, {'label': 'Bueno ğŸ˜Š', 'value': 'BUENO'}]}"
dim_enturb_3h,Limpieza,radio,,Paradas de transporte pÃºblico existentes,124,"{'choices': [{'label': 'No hay âŒ', 'value': 'NO_HAY'}, {'label': 'Malo ğŸ˜¡', 'value': 'MALO'}, {'label': 'Regular ğŸ˜', 'value': 'REGULAR'}, {'label': 'Bueno ğŸ˜Š', 'value': 'BUENO'}]}"
dim_enturb_3i,InformaciÃ³n de recorridos,radio,"Horarios, lÃ­neas, etc.",Paradas de transporte pÃºblico existentes,124,"{'choices': [{'label': 'No hay âŒ', 'value': 'NO_HAY'}, {'label': 'Malo ğŸ˜¡', 'value': 'MALO'}, {'label': 'Regular ğŸ˜', 'value': 'REGULAR'}, {'label': 'Bueno ğŸ˜Š', 'value': 'BUENO'}]}"
dim_enturb_3j,Elementos de seguridad,radio,"CÃ¡maras CCTV, botones de pÃ¡nico, etc.",Paradas de transporte pÃºblico existentes,124,"{'choices': [{'label': 'No hay âŒ', 'value': 'NO_HAY'}, {'label': 'Malo ğŸ˜¡', 'value': 'MALO'}, {'label': 'Regular ğŸ˜', 'value': 'REGULAR'}, {'label': 'Bueno ğŸ˜Š', 'value': 'BUENO'}]}"
dim_enturb_3k,Vigilancia,radio,"Presencia de policia, guardias, etc.",Paradas de transporte pÃºblico existentes,124,"{'choices': [{'label': 'No hay âŒ', 'value': 'NO_HAY'}, {'label': 'Malo ğŸ˜¡', 'value': 'MALO'}, {'label': 'Regular ğŸ˜', 'value': 'REGULAR'}, {'label': 'Bueno ğŸ˜Š', 'value': 'BUENO'}]}"
dim_enturb_3l,UbicaciÃ³n visible y cercana a equipamientos,radio,"Kioskos, negocios, etc.",Paradas de transporte pÃºblico existentes,124,"{'choices': [{'label': 'No hay âŒ', 'value': 'NO_HAY'}, {'label': 'Malo ğŸ˜¡', 'value': 'MALO'}, {'label': 'Regular ğŸ˜', 'value': 'REGULAR'}, {'label': 'Bueno ğŸ˜Š', 'value': 'BUENO'}]}"
dim_enturb_3m,UbicaciÃ³n cercana a otros medios de transporte,radio,"Metro, bici-estaciones, etc.",Paradas de transporte pÃºblico existentes,124,"{'choices': [{'label': 'No hay âŒ', 'value': 'NO_HAY'}, {'label': 'Malo ğŸ˜¡', 'value': 'MALO'}, {'label': 'Regular ğŸ˜', 'value': 'REGULAR'}, {'label': 'Bueno ğŸ˜Š', 'value': 'BUENO'}]}"
dim_enturb_3n,Elementos de accesibilidad universal,radio,"Rampas, plataformas, pasamanos, etc.",Paradas de transporte pÃºblico existentes,124,"{'choices': [{'label': 'No hay âŒ', 'value': 'NO_HAY'}, {'label': 'Malo ğŸ˜¡', 'value': 'MALO'}, {'label': 'Regular ğŸ˜', 'value': 'REGULAR'}, {'label': 'Bueno ğŸ˜Š', 'value': 'BUENO'}]}"
dim_enturb_4a,Selecciona las razones por las que consideras es necesaria una parada de transporte pÃºblico aquÃ­.,checkbox,Puedes seleccionar mÃ¡s de una.,Paradas de transporte pÃºblico (POTENCIALES) â­ï¸â­ï¸,125,"{'choices': [{'label': 'Actualmente se usa como un punto de espera', 'value': 'PUNTO_ESPERA'}, {'label': 'Mejorar la seguridad ', 'value': 'MEJORAR_SEGURIDAD'}, {'label': 'Mejorar la comodidad (tener un espacio para sentarse)', 'value': 'MEJORAR_COMODIDAD'}, {'label': 'Protegerse de las condiciones climÃ¡ticas (lluvia, sol)', 'value': 'PROTECCION_CONDICIONES_CLIMATICAS'}, {'label': 'Contar con informaciÃ³n de las rutas (horarios, recorridos)', 'value': 'PUNTO_INFORMACION'}, {'label': 'Otro', 'value': 'OTRO'}]}"
dim_enturb_4b,Otro,short_text,"Por favor, especifica.",Paradas de transporte pÃºblico (POTENCIALES) â­ï¸â­ï¸,125,
dim_otra_1a,Â¿QuÃ© estÃ¡s mapeando?,long_text,,Mapeo libre,127,
dim_riesdes_33a,Selecciona los elementos presentes en la zona y evalÃºa su estado,radio,Puedes seleccionar mÃ¡s de uno.,Espacios de contingencia frente a catÃ¡strofes,128,"{'choices': [{'label': 'ClÃ­nicas y/o hospitales', 'value': 'HOSPITALES'}, {'label': 'Sitios de refugio temporal y/o centros comunitario para evacuaciÃ³n', 'value': 'REFUGIOS'}, {'label': 'Sistemas de alerta temprana (sensores y sirenas)', 'value': 'SISTEMAS_ALERTA'}, {'label': 'Zonas o puntos seguros ante una emergencia', 'value': 'PUNTOS_SEGUROS'}, {'label': 'Otro', 'value': 'OTRO'}]}"
dim_riesdes_33b,Otro,short_text,"Por favor, especifique.",Espacios de contingencia frente a catÃ¡strofes,128,
dim_riesdes_30a,Selecciona el evento ocurrido y/o que sepas que ocurriÃ³ en este punto el Ãºltimo aÃ±o.,radio,,Riesgo ambiental,129,"{'choices': [{'label': 'DeforestaciÃ³n', 'value': 'DEFORESTACION'}, {'label': 'PÃ©rdida de biodiversidad', 'value': 'PERDIDA_BIODIVERSIDAD'}, {'label': 'SalinizaciÃ³n', 'value': 'SALINIZACION'}, {'label': 'Aumento del nivel del mar', 'value': 'AUMENTO_NIVEL_MAR'}, {'label': 'DegradaciÃ³n del suelo', 'value': 'DEGRADACION_SUELO'}, {'label': 'Incendios', 'value': 'INCENDIO'}]}"
dim_riesdes_30b,Â¿Con quÃ© frecuencia ha ocurrido este evento en el Ãºltimo aÃ±o?,radio,,Riesgo ambiental,129,"{'choices': [{'label': 'Una vez al aÃ±o', 'value': '1'}, {'label': 'Entre dos y cinco veces al aÃ±o', 'value': '2_5'}, {'label': 'MÃ¡s de cinco veces al aÃ±o', 'value': '5_N'}]}"
dim_riesdes_30c,"Puentes, calles y otras vÃ­as pÃºblicas",radio,,Riesgo ambiental,129,"{'choices': [{'label': 'Grave ğŸ˜¢', 'value': 'GRAVE'}, {'label': 'Moderado ğŸ™', 'value': 'MODERADO'}, {'label': 'Leve ğŸ˜', 'value': 'LEVE'}, {'label': 'Ninguno âŒ', 'value': 'NINGUNO'}]}"
dim_riesdes_30d,Casas y edificios de vivienda,radio,,Riesgo ambiental,129,"{'choices': [{'label': 'Grave ğŸ˜¢', 'value': 'GRAVE'}, {'label': 'Moderado ğŸ™', 'value': 'MODERADO'}, {'label': 'Leve ğŸ˜', 'value': 'LEVE'}, {'label': 'Ninguno âŒ', 'value': 'NINGUNO'}]}"
dim_riesdes_30e,Edificios pÃºblicos,radio,"P.ej. hospitales, escuelas",Riesgo ambiental,129,"{'choices': [{'label': 'Grave ğŸ˜¢', 'value': 'GRAVE'}, {'label': 'Moderado ğŸ™', 'value': 'MODERADO'}, {'label': 'Leve ğŸ˜', 'value': 'LEVE'}, {'label': 'Ninguno âŒ', 'value': 'NINGUNO'}]}"
dim_riesdes_30f,Servicios pÃºblicos,radio,"Electricidad, agua potable",Riesgo ambiental,129,"{'choices': [{'label': 'Grave ğŸ˜¢', 'value': 'GRAVE'}, {'label': 'Moderado ğŸ™', 'value': 'MODERADO'}, {'label': 'Leve ğŸ˜', 'value': 'LEVE'}, {'label': 'Ninguno âŒ', 'value': 'NINGUNO'}]}"
dim_riesdes_30g,"Parques, Ã¡reas verdes y otros espacios al aire libre deteriorados",radio,,Riesgo ambiental,129,"{'choices': [{'label': 'Grave ğŸ˜¢', 'value': 'GRAVE'}, {'label': 'Moderado ğŸ™', 'value': 'MODERADO'}, {'label': 'Leve ğŸ˜', 'value': 'LEVE'}, {'label': 'Ninguno âŒ', 'value': 'NINGUNO'}]}"
dim_riesdes_31a,Selecciona el evento ocurrido y/o que sepas que ocurriÃ³ en este punto el Ãºltimo aÃ±o,radio,,Riesgo antropogÃ©nico,130,"{'choices': [{'label': 'ContaminaciÃ³n agua ', 'value': 'CONTAMINACION_AGUA'}, {'label': 'ContaminaciÃ³n de suelo', 'value': 'CONTAMINACION_SUELO'}, {'label': 'ContaminaciÃ³n de aire', 'value': 'CONTAMINACION_AIRE'}, {'label': 'Sustancias o residuos peligrosos', 'value': 'SUSTANCIAS_RESIDUOS'}]}"
dim_riesdes_31b,Â¿Con quÃ© frecuencia ha ocurrido este evento en el Ãºltimo aÃ±o?,radio,,Riesgo antropogÃ©nico,130,"{'choices': [{'label': 'Una vez al aÃ±o', 'value': '1'}, {'label': 'Entre dos y cinco veces al aÃ±o', 'value': '2_5'}, {'label': 'MÃ¡s de cinco veces al aÃ±o', 'value': '5_N'}]}"
dim_riesdes_31c,"Puentes, calles y otras vÃ­as pÃºblicas",radio,,Riesgo antropogÃ©nico,130,"{'choices': [{'label': 'Grave ğŸ˜¢', 'value': 'GRAVE'}, {'label': 'Moderado ğŸ™', 'value': 'MODERADO'}, {'label': 'Leve ğŸ˜', 'value': 'LEVE'}, {'label': 'Ninguno âŒ', 'value': 'NINGUNO'}]}"
dim_riesdes_31d,Casas y edificios de vivienda,radio,,Riesgo antropogÃ©nico,130,"{'choices': [{'label': 'Grave ğŸ˜¢', 'value': 'GRAVE'}, {'label': 'Moderado ğŸ™', 'value': 'MODERADO'}, {'label': 'Leve ğŸ˜', 'value': 'LEVE'}, {'label': 'Ninguno âŒ', 'value': 'NINGUNO'}]}"
dim_riesdes_31e,Edificios pÃºblicos,radio,"P.ej. hospitales, escuelas",Riesgo antropogÃ©nico,130,"{'choices': [{'label': 'Grave ğŸ˜¢', 'value': 'GRAVE'}, {'label': 'Moderado ğŸ™', 'value': 'MODERADO'}, {'label': 'Leve ğŸ˜', 'value': 'LEVE'}, {'label': 'Ninguno âŒ', 'value': 'NINGUNO'}]}"
dim_riesdes_31f,Servicios pÃºblicos,radio,"Electricidad, agua potable",Riesgo antropogÃ©nico,130,"{'choices': [{'label': 'Grave ğŸ˜¢', 'value': 'GRAVE'}, {'label': 'Moderado ğŸ™', 'value': 'MODERADO'}, {'label': 'Leve ğŸ˜', 'value': 'LEVE'}, {'label': 'Ninguno âŒ', 'value': 'NINGUNO'}]}"
dim_riesdes_31g,"Parques, Ã¡reas verdes y otros espacios al aire libre deteriorados",radio,,Riesgo antropogÃ©nico,130,"{'choices': [{'label': 'Grave ğŸ˜¢', 'value': 'GRAVE'}, {'label': 'Moderado ğŸ™', 'value': 'MODERADO'}, {'label': 'Leve ğŸ˜', 'value': 'LEVE'}, {'label': 'Ninguno âŒ', 'value': 'NINGUNO'}]}"
dim_riesdes_32a,Selecciona el evento ocurrido y/o que sepas que ocurriÃ³ en este punto el Ãºltimo aÃ±o.,radio,,Riesgo biolÃ³gico,131,"{'choices': [{'label': 'Enfermedades', 'value': 'ENFERMEDADES'}, {'label': 'Plaga', 'value': 'PLAGA'}]}"
dim_riesdes_32b,Â¿Con quÃ© frecuencia se ha ocurrido este acontecimiento en el Ãºltimo aÃ±o?,radio,,Riesgo biolÃ³gico,131,"{'choices': [{'label': 'Una vez al aÃ±o', 'value': '1'}, {'label': 'Entre dos y cinco veces al aÃ±o', 'value': '2_5'}, {'label': 'MÃ¡s de cinco veces al aÃ±o', 'value': '5_N'}]}"
dim_riesdes_32c,"Puentes, calles y otras vÃ­as pÃºblicas",radio,,Riesgo biolÃ³gico,131,"{'choices': [{'label': 'Grave ğŸ˜¢', 'value': 'GRAVE'}, {'label': 'Moderado ğŸ™', 'value': 'MODERADO'}, {'label': 'Leve ğŸ˜', 'value': 'LEVE'}, {'label': 'Ninguno âŒ', 'value': 'NINGUNO'}]}"
dim_riesdes_32d,Casas y edificios de vivienda,radio,,Riesgo biolÃ³gico,131,"{'choices': [{'label': 'Grave ğŸ˜¢', 'value': 'GRAVE'}, {'label': 'Moderado ğŸ™', 'value': 'MODERADO'}, {'label': 'Leve ğŸ˜', 'value': 'LEVE'}, {'label': 'Ninguno âŒ', 'value': 'NINGUNO'}]}"
dim_riesdes_32e,Edificios pÃºblicos,radio,"P.ej. hospitales, escuelas",Riesgo biolÃ³gico,131,"{'choices': [{'label': 'Grave ğŸ˜¢', 'value': 'GRAVE'}, {'label': 'Moderado ğŸ™', 'value': 'MODERADO'}, {'label': 'Leve ğŸ˜', 'value': 'LEVE'}, {'label': 'Ninguno âŒ', 'value': 'NINGUNO'}]}"
dim_riesdes_32f,Servicios pÃºblicos,radio,"Electricidad, agua potable",Riesgo biolÃ³gico,131,"{'choices': [{'label': 'Grave ğŸ˜¢', 'value': 'GRAVE'}, {'label': 'Moderado ğŸ™', 'value': 'MODERADO'}, {'label': 'Leve ğŸ˜', 'value': 'LEVE'}, {'label': 'Ninguno âŒ', 'value': 'NINGUNO'}]}"
dim_riesdes_32g,"Parques, Ã¡reas verdes y otros espacios al aire libre deteriorados",radio,,Riesgo biolÃ³gico,131,"{'choices': [{'label': 'Grave ğŸ˜¢', 'value': 'GRAVE'}, {'label': 'Moderado ğŸ™', 'value': 'MODERADO'}, {'label': 'Leve ğŸ˜', 'value': 'LEVE'}, {'label': 'Ninguno âŒ', 'value': 'NINGUNO'}]}"
dim_riesdes_28a,Selecciona el evento ocurrido y/o que sepas que ocurriÃ³ en este punto el Ãºltimo aÃ±o.,radio,,Riesgo geolÃ³gico,132,"{'choices': [{'label': 'Terremoto y/o sismo', 'value': 'TERREMOTO'}, {'label': 'VolcÃ¡n', 'value': 'VOLCAN'}, {'label': 'DesertificaciÃ³n', 'value': 'DESERTIFICACION'}, {'label': 'DegradaciÃ³n del suelo', 'value': 'DEGRADACION_SUELO'}, {'label': 'Deslizamiento de tierra', 'value': 'DESLIZAMIENTO_TIERRA'}, {'label': 'Tsunami', 'value': 'TSUNAMI'}, {'label': 'ErosiÃ³n', 'value': 'EROSION'}]}"
dim_riesdes_28b,Â¿Con quÃ© frecuencia ha ocurrido este evento en el Ãºltimo aÃ±o?,radio,,Riesgo geolÃ³gico,132,"{'choices': [{'label': 'Una vez al aÃ±o', 'value': '1'}, {'label': 'De dos a cinco veces al aÃ±o', 'value': '2_5'}, {'label': 'MÃ¡s de 5 veces al aÃ±o', 'value': '5_N'}]}"
dim_riesdes_28c,"Puentes, calles y otras vÃ­as pÃºblicas",radio,,Riesgo geolÃ³gico,132,"{'choices': [{'label': 'Grave ğŸ˜¢', 'value': 'GRAVE'}, {'label': 'Moderado ğŸ™', 'value': 'MODERADO'}, {'label': 'Leve ğŸ˜', 'value': 'LEVE'}, {'label': 'Ninguno âŒ', 'value': 'NINGUNO'}]}"
dim_riesdes_28d,Casas y edificios de vivienda,radio,,Riesgo geolÃ³gico,132,"{'choices': [{'label': 'Grave ğŸ˜¢', 'value': 'GRAVE'}, {'label': 'Moderado ğŸ™', 'value': 'MODERADO'}, {'label': 'Leve ğŸ˜', 'value': 'LEVE'}, {'label': 'Ninguno âŒ', 'value': 'NINGUNO'}]}"
dim_riesdes_28e,Edificios pÃºblicos,radio,"P.ej. hospitales, escuelas",Riesgo geolÃ³gico,132,"{'choices': [{'label': 'Grave ğŸ˜¢', 'value': 'GRAVE'}, {'label': 'Moderado ğŸ™', 'value': 'MODERADO'}, {'label': 'Leve ğŸ˜', 'value': 'LEVE'}, {'label': 'Ninguno âŒ', 'value': 'NINGUNO'}]}"
dim_riesdes_28f,Servicios pÃºblicos,radio,"Electricidad, agua potable",Riesgo geolÃ³gico,132,"{'choices': [{'label': 'Grave ğŸ˜¢', 'value': 'GRAVE'}, {'label': 'Moderado ğŸ™', 'value': 'MODERADO'}, {'label': 'Leve ğŸ˜', 'value': 'LEVE'}, {'label': 'Ninguno âŒ', 'value': 'NINGUNO'}]}"
dim_riesdes_28g,Parques/zonas verdes deteriorados,radio,,Riesgo geolÃ³gico,132,"{'choices': [{'label': 'Grave ğŸ˜¢', 'value': 'GRAVE'}, {'label': 'Moderado ğŸ™', 'value': 'MODERADO'}, {'label': 'Leve ğŸ˜', 'value': 'LEVE'}, {'label': 'Ninguno âŒ', 'value': 'NINGUNO'}]}"
dim_riesdes_29a,Selecciona el evento ocurrido y/o que sepas que ocurriÃ³ en este punto el Ãºltimo aÃ±o.,radio,,Riesgo hidrometeorolÃ³gico,133,"{'choices': [{'label': 'InundaciÃ³n', 'value': 'INUNDACION'}, {'label': 'SequÃ­a', 'value': 'SEQUIA'}, {'label': 'Ola de calor', 'value': 'OLA_CALOR'}, {'label': 'Rayos', 'value': 'RAYOS'}, {'label': 'HuracÃ¡n (ciclÃ³n, tifÃ³n tropical)', 'value': 'HURACAN'}, {'label': 'Helada', 'value': 'HELADA'}, {'label': 'Tormenta de granizo', 'value': 'TORMENTA_GRANIZO'}, {'label': 'Tormenta de nieve', 'value': 'TORMENTA_NIEVE'}, {'label': 'Tormenta de polvo', 'value': 'TORMENTA_POLVO'}]}"
dim_riesdes_29b,Â¿Con quÃ© frecuencia ha ocurrido este evento en el Ãºltimo aÃ±o?,radio,,Riesgo hidrometeorolÃ³gico,133,"{'choices': [{'label': 'Una vez al aÃ±o', 'value': '1'}, {'label': 'De dos a cinco veces al aÃ±o', 'value': '2_5'}, {'label': 'MÃ¡s de cinco veces al aÃ±o', 'value': '5_N'}]}"
dim_riesdes_29c,"Puentes, calles y otras vÃ­as pÃºblicas",radio,,Riesgo hidrometeorolÃ³gico,133,"{'choices': [{'label': 'Grave ğŸ˜¢', 'value': 'GRAVE'}, {'label': 'Moderado ğŸ™', 'value': 'MODERADO'}, {'label': 'Leve ğŸ˜', 'value': 'LEVE'}, {'label': 'Ninguno âŒ', 'value': 'NINGUNO'}]}"
dim_riesdes_29d,Casas y edificios de vivienda,radio,,Riesgo hidrometeorolÃ³gico,133,"{'choices': [{'label': 'Grave ğŸ˜¢', 'value': 'GRAVE'}, {'label': 'Moderado ğŸ™', 'value': 'MODERADO'}, {'label': 'Leve ğŸ˜', 'value': 'LEVE'}, {'label': 'Ninguno âŒ', 'value': 'NINGUNO'}]}"
dim_riesdes_29e,Edificios pÃºblicos,radio,"P.ej. hospitales, escuelas",Riesgo hidrometeorolÃ³gico,133,"{'choices': [{'label': 'Grave ğŸ˜¢', 'value': 'GRAVE'}, {'label': 'Moderado ğŸ™', 'value': 'MODERADO'}, {'label': 'Leve ğŸ˜', 'value': 'LEVE'}, {'label': 'Ninguno âŒ', 'value': 'NINGUNO'}]}"
dim_riesdes_29f,Servicios pÃºblicos,radio,"Electricidad, agua potable",Riesgo hidrometeorolÃ³gico,133,"{'choices': [{'label': 'Grave ğŸ˜¢', 'value': 'GRAVE'}, {'label': 'Moderado ğŸ™', 'value': 'MODERADO'}, {'label': 'Leve ğŸ˜', 'value': 'LEVE'}, {'label': 'Ninguno âŒ', 'value': 'NINGUNO'}]}"
dim_riesdes_29g,"Parques, Ã¡reas verdes y otros espacios al aire libre deteriorados",radio,,Riesgo hidrometeorolÃ³gico,133,"{'choices': [{'label': 'Grave ğŸ˜¢', 'value': 'GRAVE'}, {'label': 'Moderado ğŸ™', 'value': 'MODERADO'}, {'label': 'Leve ğŸ˜', 'value': 'LEVE'}, {'label': 'Ninguno âŒ', 'value': 'NINGUNO'}]}"
