id,category_name,activity_title,activity_id,longitude,latitude,date,image,comment,gender,age_range,disability,dim_enturb_6a,dim_enturb_6b,dim_enturb_6c,dim_enturb_9a,dim_enturb_9b,dim_enturb_9c,dim_enturb_9d,dim_enturb_9e,dim_enturb_9f,dim_enturb_9g,dim_enturb_9h,dim_enturb_9i,dim_enturb_9o,dim_enturb_9j,dim_enturb_9k,dim_enturb_9l,dim_enturb_9m,dim_enturb_9n,Otro,Otro,dim_enturb_11c,dim_enturb_11a,dim_enturb_11b,dim_enturb_12a,dim_enturb_12b,dim_enturb_12c,dim_enturb_12d,dim_enturb_12e,dim_enturb_12f,dim_enturb_12g,dim_enturb_12v,dim_enturb_12h,dim_enturb_12i,dim_enturb_12j,dim_enturb_12k,dim_enturb_12l,dim_enturb_12m,dim_enturb_12n,dim_enturb_12o,dim_enturb_12p,dim_enturb_12q,dim_enturb_12r,dim_enturb_12s,dim_medamb_15a,dim_medamb_15b,dim_medamb_15c,dim_medamb_16a,dim_medamb_16b,dim_medamb_16c,dim_medamb_16d,dim_medamb_16e,dim_medamb_16f,dim_medamb_16g,dim_medamb_16h,dim_medamb_18a,dim_medamb_18b,dim_medamb_18c,dim_medamb_18d,dim_medamb_18e,dim_medamb_18f,dim_medamb_18g,dim_medamb_18h,dim_medamb_18i,dim_medamb_18j,dim_medamb_19a,dim_medamb_19c,dim_medamb_19d,dim_medamb_19e,dim_medamb_19f,dim_medamb_19b,dim_medamb_21a,dim_medamb_21b,dim_medamb_21c,dim_medamb_21d,dim_medamb_21e,dim_medamb_21f,dim_medamb_21g,dim_medamb_21h,dim_medamb_21i,dim_medamb_21j,dim_medamb_21k,dim_biensoc_22a,dim_biensoc_22b,dim_biensoc_22c,dim_biensoc_22d,dim_biensoc_22e,dim_biensoc_22f,dim_biensoc_22g,dim_biensoc_25a,dim_biensoc_25b,dim_biensoc_25c,dim_biensoc_25d,dim_biensoc_25e,dim_biensoc_25f,dim_biensoc_25g,dim_biensoc_27a,dim_biensoc_27b,dim_biensoc_27c,dim_biensoc_27d,dim_biensoc_27e,dim_biensoc_27f,dim_biensoc_27g,dim_riesdes_29a,dim_riesdes_29b,dim_riesdes_29c,dim_riesdes_29d,dim_riesdes_29e,dim_riesdes_29f,dim_riesdes_29g,dim_riesdes_33a,dim_riesdes_33b
724,Bienestar Socioeconómico,Actividades de comercio local,26,-101.68005176518432,21.100444974833508,2023-12-19 21:56:28.136840+00:00,images/4f3a3a2d-5871-4328-9caf-4d3b98f1e9a7.jpg,,HOMBRE,26_35,VISUAL,,,,,,,,,,,,,,,,,,,,,,,,,,,,,,,,,,,,,,,,,,,,,,,,,,,,,,,,,,,,,,,,,,,,,,,,,,,,,,,,,,PUESTO_CALLEJERO,,BUENO,REGULAR,BUENO,BUENO,BUENO,,,,,,,,,,,,,,,,,,,,,,,
723,Bienestar Socioeconómico,Actividades de comercio local,26,-101.68107336273624,21.098060890751285,2023-12-19 21:56:28.136773+00:00,images/4f3a3a2d-5871-4328-9caf-4d3b98f1e9a7.jpg,,HOMBRE,26_35,VISUAL,,,,,,,,,,,,,,,,,,,,,,,,,,,,,,,,,,,,,,,,,,,,,,,,,,,,,,,,,,,,,,,,,,,,,,,,,,,,,,,,,,PUESTO_CALLEJERO,,BUENO,REGULAR,BUENO,BUENO,BUENO,,,,,,,,,,,,,,,,,,,,,,,
722,Bienestar Socioeconómico,Actividades de comercio local,26,-101.68098541995937,21.09804570774603,2023-12-19 21:56:28.136703+00:00,images/4f3a3a2d-5871-4328-9caf-4d3b98f1e9a7.jpg,,HOMBRE,26_35,VISUAL,,,,,,,,,,,,,,,,,,,,,,,,,,,,,,,,,,,,,,,,,,,,,,,,,,,,,,,,,,,,,,,,,,,,,,,,,,,,,,,,,,PUESTO_CALLEJERO,,BUENO,REGULAR,BUENO,BUENO,BUENO,,,,,,,,,,,,,,,,,,,,,,,
721,Entorno urbano,Espacios públicos y áreas verdes,14,-101.68520708712498,21.101471916598314,2023-12-19 21:56:28.136627+00:00,images/4f3a3a2d-5871-4328-9caf-4d3b98f1e9a7.jpg,,HOMBRE,26_35,VISUAL,,,,,,,,,,,,,,,,,,,,,,,,,,,,,,,,,,,,,,,,,,,,,,,,,,,,,,,,,,,,,,,,,,,,,,,,,,,,,,,,,,PUESTO_CALLEJERO,,BUENO,REGULAR,BUENO,BUENO,BUENO,,,,,,,,,,,,,,,,,,,,,,,
720,Bienestar Socioeconómico,Actividades deportivas,29,-101.68205760000161,21.098807062749174,2023-12-19 21:56:28.136551+00:00,images/4f3a3a2d-5871-4328-9caf-4d3b98f1e9a7.jpg,,HOMBRE,26_35,VISUAL,,,,,,,,,,,,,,,,,,,,,,,,,,,,,,,,,,,,,,,,,,,,,,,,,,,,,,,,,,,,,,,,,,,,,,,,,,,,,,,,,,PUESTO_CALLEJERO,,BUENO,REGULAR,BUENO,BUENO,BUENO,,,,,,,,,,,,,,,,,,,,,,,
719,Entorno urbano,Espacios públicos y áreas verdes,14,-101.68119062544257,21.099079242143482,2023-12-19 21:56:28.136461+00:00,images/4f3a3a2d-5871-4328-9caf-4d3b98f1e9a7.jpg,,HOMBRE,26_35,VISUAL,,,,,,,,,,,,,,,,,,,,,,,,,,,,,,,,,,,,,,,,,,,,,,,,,,,,,,,,,,,,,,,,,,,,,,,,,,,,,,,,,,PUESTO_CALLEJERO,,BUENO,REGULAR,BUENO,BUENO,BUENO,,,,,,,,,,,,,,,,,,,,,,,
718,Bienestar Socioeconómico,Actividades de comercio local,26,-101.68005176518432,21.100444974833508,2023-12-19 21:56:00.303497+00:00,images/a23fc021-e922-4d7f-9a4f-8947d8132585.jpg,,HOMBRE,26_35,VISUAL,,,,,,,,,,,,,,,,,,,,,,,,,,,,,,,,,,,,,,,,,,,,,,,,,,,,,,,,,,,,,,,,,,,,,,,,,,,,,,,,,,PUESTO_CALLEJERO,,BUENO,REGULAR,BUENO,BUENO,BUENO,,,,,,,,,,,,,,,,,,,,,,,
717,Bienestar Socioeconómico,Actividades de comercio local,26,-101.68107336273624,21.098060890751285,2023-12-19 21:56:00.303425+00:00,images/a23fc021-e922-4d7f-9a4f-8947d8132585.jpg,,HOMBRE,26_35,VISUAL,,,,,,,,,,,,,,,,,,,,,,,,,,,,,,,,,,,,,,,,,,,,,,,,,,,,,,,,,,,,,,,,,,,,,,,,,,,,,,,,,,PUESTO_CALLEJERO,,BUENO,REGULAR,BUENO,BUENO,BUENO,,,,,,,,,,,,,,,,,,,,,,,
716,Bienestar Socioeconómico,Actividades de comercio local,26,-101.68098541995937,21.09804570774603,2023-12-19 21:56:00.303332+00:00,images/a23fc021-e922-4d7f-9a4f-8947d8132585.jpg,,HOMBRE,26_35,VISUAL,,,,,,,,,,,,,,,,,,,,,,,,,,,,,,,,,,,,,,,,,,,,,,,,,,,,,,,,,,,,,,,,,,,,,,,,,,,,,,,,,,PUESTO_CALLEJERO,,BUENO,REGULAR,BUENO,BUENO,BUENO,,,,,,,,,,,,,,,,,,,,,,,
715,Entorno urbano,Espacios públicos y áreas verdes,14,-101.68520708712498,21.101471916598314,2023-12-19 21:56:00.303229+00:00,images/a23fc021-e922-4d7f-9a4f-8947d8132585.jpg,,HOMBRE,26_35,VISUAL,,,,,,,,,,,,,,,,,,,,,,,,,,,,,,,,,,,,,,,,,,,,,,,,,,,,,,,,,,,,,,,,,,,,,,,,,,,,,,,,,,PUESTO_CALLEJERO,,BUENO,REGULAR,BUENO,BUENO,BUENO,,,,,,,,,,,,,,,,,,,,,,,
714,Bienestar Socioeconómico,Actividades deportivas,29,-101.68205760000161,21.098807062749174,2023-12-19 21:56:00.303151+00:00,images/a23fc021-e922-4d7f-9a4f-8947d8132585.jpg,,HOMBRE,26_35,VISUAL,,,,,,,,,,,,,,,,,,,,,,,,,,,,,,,,,,,,,,,,,,,,,,,,,,,,,,,,,,,,,,,,,,,,,,,,,,,,,,,,,,PUESTO_CALLEJERO,,BUENO,REGULAR,BUENO,BUENO,BUENO,,,,,,,,,,,,,,,,,,,,,,,
713,Entorno urbano,Espacios públicos y áreas verdes,14,-101.68119062544257,21.099079242143482,2023-12-19 21:56:00.303040+00:00,images/a23fc021-e922-4d7f-9a4f-8947d8132585.jpg,,HOMBRE,26_35,VISUAL,,,,,,,,,,,,,,,,,,,,,,,,,,,,,,,,,,,,,,,,,,,,,,,,,,,,,,,,,,,,,,,,,,,,,,,,,,,,,,,,,,PUESTO_CALLEJERO,,BUENO,REGULAR,BUENO,BUENO,BUENO,,,,,,,,,,,,,,,,,,,,,,,
348,Riesgo de desastres,Espacios de contingencia frente a catástrofes,35,13.369691673875792,52.546628651206206,2023-12-08 14:59:56.661469+00:00,,,MUJER,36_45,NINGUNA,,,,,,,,,,,,,,,,,,,,,,,,,,,,,,,,,,,,,,,,,,,,,,,,,,,,,,,,,,,,,,,,,,,,,,,,,,,,,,,,,,,,,,,,,,,,,,,,,,,,,,,,,,,,,,REFUGIOS,
347,Entorno urbano,Ciclovías y biciestacionamientos (POTENCIALES) ⭐️⭐️,8,-101.68711769999697,21.095650272408882,2023-12-08 01:37:56.872829+00:00,images/e964ae4a-56e6-40ad-89b2-b10617174fc0.jpg,,HOMBRE,36_45,NINGUNA,BICIESTACIONAMIENTO,HAY_MUCHOS_CICLCISTAS FOMENTAR_USO_INFANTIL CONECTAR_ESPACIOS MEJORAR_SEGURIDAD,,,,,,,,,,,,,,,,,,,,,,,,,,,,,,,,,,,,,,,,,,,,,,,,,,,,,,,,,,,,,,,,,,,,,,,,,,,,,,,,,,,,,,,,,,,,,,,,,,,,,,,,,,,,,
346,Entorno urbano,Banquetas y cruces peatonales (POTENCIALES) ⭐️⭐️,13,-101.68532880000497,21.09826287239985,2023-12-08 01:37:56.872729+00:00,,,HOMBRE,36_45,NINGUNA,,,,,,,,,,,,,,,,,,,,,,CRUCE_PEATONAL CALLE_PEATONAL,HAY_MUCHOS_PEATONES MEJORAR_SEGURIDAD FOMENTAR_SEGURIDAD_INFANTIL CONECTAR_ESPACIOS,,,,,,,,,,,,,,,,,,,,,,,,,,,,,,,,,,,,,,,,,,,,,,,,,,,,,,,,,,,,,,,,,,,,,,,,,,,,,,,,,,,,,,,,
345,Entorno urbano,Espacios públicos y áreas verdes,14,-101.68367779999868,21.098770672401365,2023-12-08 01:37:56.872655+00:00,images/3dbc4179-ac7f-4b1f-ac6d-76a7631b975e.jpg,área de ejercicio para gimnasia ,HOMBRE,36_45,NINGUNA,,,,,,,,,,,,,,,,,,,,,,,,OTRO,NO_HAY,REGULAR,NO_HAY,REGULAR,NO_HAY,REGULAR,REGULAR,REGULAR,NO_HAY,NO_HAY,NO_HAY,REGULAR,MALO,REGULAR,REGULAR,MALO,REGULAR,,,,,,,,,,,,,,,,,,,,,,,,,,,,,,,,,,,,,,,,,,,,,,,,,,,,,,,,,,,,,,,,,,,,,,
344,Entorno urbano,Espacios públicos y áreas verdes,14,-101.68595773448499,21.095555296251746,2023-12-08 01:37:56.872567+00:00,,,HOMBRE,36_45,NINGUNA,,,,,,,,,,,,,,,,,,,,,,,,PARQUE,REGULAR,MALO,REGULAR,REGULAR,REGULAR,MALO,MALO,MALO,MALO,MALO,MALO,REGULAR,MALO,REGULAR,REGULAR,MALO,MALO,,,,,,,,,,,,,,,,,,,,,,,,,,,,,,,,,,,,,,,,,,,,,,,,,,,,,,,,,,,,,,,,,,,,,,
343,Riesgo de desastres,Riesgo hidrometeorológico,31,-101.68640183089524,21.097702241112046,2023-12-08 01:18:21.061546+00:00,images/7cef28b5-3c91-4cb1-b8ac-94a263900cf5.jpg,,MUJER,26_35,NINGUNA,,,,,,,,,,,,,,,,,,,,,,,,,,,,,,,,,,,,,,,,,,,,,,,,,,,,,,,,,,,,,,,,,,,,,,,,,,,,,,,,,,,,,,,,,,,,,,,,,,,,,,,OLA_CALOR,5_N,MODERADO,MODERADO,GRAVE,LEVE,MODERADO,,
342,Riesgo de desastres,Riesgo hidrometeorológico,31,-101.68547413090221,21.097681841123794,2023-12-08 01:18:21.061463+00:00,images/b0f075b9-be89-4721-8fa7-c9095926a28a.jpg,,MUJER,26_35,NINGUNA,,,,,,,,,,,,,,,,,,,,,,,,,,,,,,,,,,,,,,,,,,,,,,,,,,,,,,,,,,,,,,,,,,,,,,,,,,,,,,,,,,,,,,,,,,,,,,,,,,,,,,,INUNDACION,5_N,MODERADO,MODERADO,GRAVE,MODERADO,LEVE,,
341,Calidad medioambiental,Punto de recolección de basura y reciclaje (POTENCIAL) ⭐️⭐️,17,-101.68592541401168,21.096096016246896,2023-12-08 01:17:47.084428+00:00,images/a101aa74-24ce-4cf1-804d-fa6be650f6cb.jpg,,MUJER,36_45,NINGUNA,,,,,,,,,,,,,,,,,,,,,,,,,,,,,,,,,,,,,,,,,,,,INSTALAR_CONTENEDORES INSTALAR_PUNTOS_RECICLAJE,ESPACIO_SUFICIENTE,,,,,,,,,,,,,,,,,,,,,,,,,,,,,,,,,,,,,,,,,,,,,,,,,,,,,,,,,,,,,,,,,,
340,Calidad medioambiental,Contaminación del aire,20,-101.68698490000196,21.095668641629352,2023-12-08 01:17:47.084362+00:00,images/d578c91a-5805-4a40-8c33-ce59d2f0d584.jpg,,MUJER,36_45,NINGUNA,,,,,,,,,,,,,,,,,,,,,,,,,,,,,,,,,,,,,,,,,,,,,,,,,,,,,,,MODERADO,GRAVE,GRAVE,NINGUNO,NINGUNO,NINGUNO,NINGUNO,MODERADO,,,,,,,,,,,,,,,,,,,,,,,,,,,,,,,,,,,,,,,,,,,,,,,,,
339,Calidad medioambiental,Contaminación del aire,20,-101.68109477089425,21.097948635441767,2023-12-08 01:17:47.084271+00:00,images/e7daa9d9-5ceb-4bba-abf6-d200bc3e364c.jpg,,MUJER,36_45,NINGUNA,,,,,,,,,,,,,,,,,,,,,,,,,,,,,,,,,,,,,,,,,,,,,,,,,,,,,,,GRAVE,GRAVE,GRAVE,MODERADO,NINGUNO,NINGUNO,NINGUNO,MODERADO,,,,,,,,,,,,,,,,,,,,,,,,,,,,,,,,,,,,,,,,,,,,,,,,,
338,Calidad medioambiental,Drenaje y alcantarillado,23,-101.68109477089425,21.097948635441767,2023-12-08 01:17:47.084182+00:00,images/b2e485a5-33f3-4edd-ab22-7feba3f82498.jpg,,MUJER,36_45,NINGUNA,,,,,,,,,,,,,,,,,,,,,,,,,,,,,,,,,,,,,,,,,,,,,,,,,,,,,,,,,,,,,,,,,,,,,,,ALCANTARILLADO,coladeras cruse independencia y r.mayo,GRAVE,LEVE,MODERADO,LEVE,GRAVE,GRAVE,LEVE,,,,,,,,,,,,,,,,,,,,,,,,,,,,,,,,
337,Entorno urbano,Espacios públicos y áreas verdes,14,-101.68108069999855,21.099147141506684,2023-12-08 01:17:47.084100+00:00,,,MUJER,36_45,NINGUNA,,,,,,,,,,,,,,,,,,,,,,,,PARQUE,BUENO,BUENO,BUENO,BUENO,MALO,MALO,MALO,REGULAR,BUENO,NO_HAY,BUENO,BUENO,BUENO,BUENO,BUENO,NO_HAY,REGULAR,,,,,,,,,,,,,,,,,,,,,,,,,,,,,,,,,,,,,,,,,,,,,,,,,,,,,,,,,,,,,,,,,,,,,,
336,Calidad medioambiental,Punto de recolección de basura y reciclaje (POTENCIAL) ⭐️⭐️,17,-101.68107829999357,21.099086941507977,2023-12-08 01:15:12.808559+00:00,,,MUJER,26_35,NINGUNA,,,,,,,,,,,,,,,,,,,,,,,,,,,,,,,,,,,,,,,,,,,,INSTALAR_CONTENEDORES INSTALAR_BASUREROS,HAY_CAPACIDAD,,,,,,,,,,,,,,,,,,,,,,,,,,,,,,,,,,,,,,,,,,,,,,,,,,,,,,,,,,,,,,,,,,
335,Calidad medioambiental,Puntos de acumulación de basura,18,-101.68107829999357,21.099086941507977,2023-12-08 01:15:12.808494+00:00,images/40082059-1720-4c6e-b0a1-b282ec43766b.jpg,,MUJER,26_35,NINGUNA,,,,,,,,,,,,,,,,,,,,,,,,,,,,,,,,,,,,,,,,,,,,,,,ACUMULACION_BASURA,,,,,,,,,,,,,,,,,,,,,,,,,,,,,,,,,,,,,,,,,,,,,,,,,,,,,,,,,,,,,,,,
334,Entorno urbano,Banquetas y caminos,11,-101.68107829999877,21.0990869414979,2023-12-08 01:15:12.808428+00:00,images/c8aa5267-b760-40bc-8e03-48cafaf5cf3e.jpg,es inseguro caminar por los carros estacionados ,MUJER,26_35,NINGUNA,,,,NO,,,,,,,,,,,,,,,,,,,,,,,,,,,,,,,,,,,,,,,,,,,,,,,,,,,,,,,,,,,,,,,,,,,,,,,,,,,,,,,,,,,,,,,,,,,,,,,,,,,,,,,,,,,
333,Calidad medioambiental,Contaminación del aire,20,-101.6812140879172,21.098201190278296,2023-12-08 01:15:12.808362+00:00,,,MUJER,26_35,NINGUNA,,,,,,,,,,,,,,,,,,,,,,,,,,,,,,,,,,,,,,,,,,,,,,,,,,,,,,,MODERADO,MODERADO,GRAVE,GRAVE,NINGUNO,NINGUNO,NINGUNO,GRAVE,,,,,,,,,,,,,,,,,,,,,,,,,,,,,,,,,,,,,,,,,,,,,,,,,
332,Calidad medioambiental,Drenaje y alcantarillado,23,-101.68107829999357,21.099086941507977,2023-12-08 01:15:12.808296+00:00,,,MUJER,26_35,NINGUNA,,,,,,,,,,,,,,,,,,,,,,,,,,,,,,,,,,,,,,,,,,,,,,,,,,,,,,,,,,,,,,,,,,,,,,,DRENAJE,,GRAVE,MODERADO,GRAVE,MODERADO,MODERADO,NINGUNO,MODERADO,,,,,,,,,,,,,,,,,,,,,,,,,,,,,,,,
331,Calidad medioambiental,Drenaje y alcantarillado,23,-101.68107829999357,21.099086941507977,2023-12-08 01:15:12.808229+00:00,,,MUJER,26_35,NINGUNA,,,,,,,,,,,,,,,,,,,,,,,,,,,,,,,,,,,,,,,,,,,,,,,,,,,,,,,,,,,,,,,,,,,,,,,DRENAJE,,GRAVE,MODERADO,MODERADO,GRAVE,LEVE,LEVE,MODERADO,,,,,,,,,,,,,,,,,,,,,,,,,,,,,,,,
330,Calidad medioambiental,Puntos de acumulación de basura,18,-101.68151480372134,21.09915215089653,2023-12-08 01:15:12.808158+00:00,,,MUJER,26_35,NINGUNA,,,,,,,,,,,,,,,,,,,,,,,,,,,,,,,,,,,,,,,,,,,,,,,ACUMULACION_BASURA,GRAVE,MODERADO,MODERADO,MODERADO,GRAVE,,,,,,,,,,,,,,,,,,,,,,,,,,,,,,,,,,,,,,,,,,,,,,,,,,,,,,,,,,,
329,Entorno urbano,Espacios públicos y áreas verdes,14,-101.68107829999357,21.099086941507977,2023-12-08 01:15:12.808077+00:00,,,MUJER,26_35,NINGUNA,,,,,,,,,,,,,,,,,,,,,,,,PARQUE,BUENO,BUENO,BUENO,BUENO,REGULAR,BUENO,BUENO,BUENO,BUENO,NO_HAY,NO_HAY,BUENO,BUENO,BUENO,BUENO,REGULAR,BUENO,,instalación de  baño ,,,,,,,,,,,,,,,,,,,,,,,,,,,,,,,,,,,,,,,,,,,,,,,,,,,,,,,,,,,,,,,,,,,,
328,Entorno urbano,Banquetas y caminos,11,-101.68152523090313,21.09969194104837,2023-12-08 01:12:43.300460+00:00,,,HOMBRE,26_35,NINGUNA,,,,NO,GRAVE,GRAVE,GRAVE,MODERADO,MODERADO,MODERADO,MODERADO,MODERADO,GRAVE,MODERADO,MODERADO,MODERADO,MODERADO,MODERADO,,,,,,,,,,,,,,,,,,,,,,,,,,,,,,,,,,,,,,,,,,,,,,,,,,,,,,,,,,,,,,,,,,,,,,,,,,,,,,,,,,,,,,,,,,,,,
327,Entorno urbano,Banquetas y caminos,11,-101.67896413089758,21.098495641077243,2023-12-08 01:12:43.300328+00:00,,,HOMBRE,26_35,NINGUNA,,,,NO,MODERADO,MODERADO,MODERADO,GRAVE,MODERADO,MODERADO,MODERADO,MODERADO,GRAVE,MODERADO,MODERADO,MODERADO,MODERADO,MODERADO,LEVE,varios puntos sobre esta acera de la calle en mension,,,,,,,,,,,,,,,,,,,,,,,,,,,,,,,,,,,,,,,,,,,,,,,,,,,,,,,,,,,,,,,,,,,,,,,,,,,,,,,,,,,,,,,,,,,
326,Entorno urbano,Banquetas y caminos,11,-101.67996959725653,21.100361714803697,2023-12-08 01:12:26.561514+00:00,,,HOMBRE,26_35,NINGUNA,,,,NO,LEVE,GRAVE,MODERADO,MODERADO,MODERADO,MODERADO,GRAVE,MODERADO,GRAVE,MODERADO,MODERADO,MODERADO,MODERADO,MODERADO,GRAVE,calles angostas de los dos aceras,,,,,,,,,,,,,,,,,,,,,,,,,,,,,,,,,,,,,,,,,,,,,,,,,,,,,,,,,,,,,,,,,,,,,,,,,,,,,,,,,,,,,,,,,,,
325,Entorno urbano,Banquetas y cruces peatonales (POTENCIALES) ⭐️⭐️,13,-101.67950903942122,21.101038681708808,2023-12-08 01:12:26.561451+00:00,,,HOMBRE,26_35,NINGUNA,,,,,,,,,,,,,,,,,,,,,,CRUCE_PEATONAL,HAY_MUCHOS_PEATONES MEJORAR_SEGURIDAD FOMENTAR_SEGURIDAD_INFANTIL,,,,,,,,,,,,,,,,,,,,,,,,,,,,,,,,,,,,,,,,,,,,,,,,,,,,,,,,,,,,,,,,,,,,,,,,,,,,,,,,,,,,,,,,
324,Entorno urbano,Banquetas y cruces peatonales (POTENCIALES) ⭐️⭐️,13,-101.67953236081277,21.10087484006805,2023-12-08 01:12:26.561389+00:00,,,HOMBRE,26_35,NINGUNA,,,,,,,,,,,,,,,,,,,,,,CRUCE_PEATONAL,HAY_MUCHOS_PEATONES MEJORAR_SEGURIDAD FOMENTAR_SEGURIDAD_INFANTIL,,,,,,,,,,,,,,,,,,,,,,,,,,,,,,,,,,,,,,,,,,,,,,,,,,,,,,,,,,,,,,,,,,,,,,,,,,,,,,,,,,,,,,,,
323,Entorno urbano,Ciclovías y biciestacionamientos (POTENCIALES) ⭐️⭐️,8,-101.67949824411934,21.09743792188071,2023-12-08 01:12:26.561327+00:00,,,HOMBRE,26_35,NINGUNA,CICLOVIA,HAY_MUCHOS_CICLCISTAS FOMENTAR_USO_INFANTIL MEJORAR_SEGURIDAD,,,,,,,,,,,,,,,,,,,,,,,,,,,,,,,,,,,,,,,,,,,,,,,,,,,,,,,,,,,,,,,,,,,,,,,,,,,,,,,,,,,,,,,,,,,,,,,,,,,,,,,,,,,,,
322,Entorno urbano,Banquetas y caminos,11,-101.68174607426799,21.098136803502022,2023-12-08 01:12:26.561263+00:00,,,HOMBRE,26_35,NINGUNA,,,,NO,MODERADO,GRAVE,LEVE,GRAVE,MODERADO,MODERADO,MODERADO,MODERADO,GRAVE,MODERADO,MODERADO,MODERADO,MODERADO,MODERADO,,,,,,,,,,,,,,,,,,,,,,,,,,,,,,,,,,,,,,,,,,,,,,,,,,,,,,,,,,,,,,,,,,,,,,,,,,,,,,,,,,,,,,,,,,,,,
321,Entorno urbano,Ciclovías y biciestacionamientos (POTENCIALES) ⭐️⭐️,8,-101.68226767925344,21.09802052182099,2023-12-08 01:12:26.561192+00:00,,toda la calle desde Timoteo Lozano hasta torres Landa ,HOMBRE,26_35,NINGUNA,CICLOVIA,HAY_MUCHOS_CICLCISTAS MEJORAR_SEGURIDAD FOMENTAR_USO_INFANTIL,,,,,,,,,,,,,,,,,,,,,,,,,,,,,,,,,,,,,,,,,,,,,,,,,,,,,,,,,,,,,,,,,,,,,,,,,,,,,,,,,,,,,,,,,,,,,,,,,,,,,,,,,,,,,
320,Entorno urbano,Banquetas y caminos,11,-101.68206235133728,21.098705755116306,2023-12-08 01:12:26.561060+00:00,,,HOMBRE,26_35,NINGUNA,,,,NO,MODERADO,GRAVE,GRAVE,GRAVE,MODERADO,MODERADO,MODERADO,MODERADO,GRAVE,MODERADO,GRAVE,MODERADO,MODERADO,MODERADO,,,,,,,,,,,,,,,,,,,,,,,,,,,,,,,,,,,,,,,,,,,,,,,,,,,,,,,,,,,,,,,,,,,,,,,,,,,,,,,,,,,,,,,,,,,,,
319,Entorno urbano,Ciclovías y biciestacionamientos (POTENCIALES) ⭐️⭐️,8,-101.68205510311739,21.09865829827934,2023-12-08 01:12:26.560951+00:00,,,HOMBRE,26_35,NINGUNA,BICIESTACIONAMIENTO,MEJORAR_SEGURIDAD HAY_MUCHOS_CICLCISTAS FOMENTAR_USO_INFANTIL,,,,,,,,,,,,,,,,,,,,,,,,,,,,,,,,,,,,,,,,,,,,,,,,,,,,,,,,,,,,,,,,,,,,,,,,,,,,,,,,,,,,,,,,,,,,,,,,,,,,,,,,,,,,,
318,Entorno urbano,Banquetas y caminos,11,-101.6812797460718,21.09809768798997,2023-12-08 01:12:26.560883+00:00,,,HOMBRE,26_35,NINGUNA,,,,NO,MODERADO,,GRAVE,MODERADO,LEVE,GRAVE,LEVE,GRAVE,LEVE,LEVE,MODERADO,MODERADO,MODERADO,LEVE,,,,,,,,,,,,,,,,,,,,,,,,,,,,,,,,,,,,,,,,,,,,,,,,,,,,,,,,,,,,,,,,,,,,,,,,,,,,,,,,,,,,,,,,,,,,,
317,Entorno urbano,Banquetas y caminos,11,-101.68219652452245,21.099880336913955,2023-12-08 01:12:26.560781+00:00,,,HOMBRE,26_35,NINGUNA,,,,NO,GRAVE,GRAVE,MODERADO,MODERADO,LEVE,LEVE,MODERADO,MODERADO,LEVE,LEVE,GRAVE,GRAVE,GRAVE,GRAVE,GRAVE,"paso a escuela, alto flujo de personas",,,,,,,,,,,,,,,,,,,,,,,,,,,,,,,,,,,,,,,,,,,,,,,,,,,,,,,,,,,,,,,,,,,,,,,,,,,,,,,,,,,,,,,,,,,
316,Entorno urbano,Banquetas y cruces peatonales (POTENCIALES) ⭐️⭐️,13,-101.68163225087699,21.10124315001311,2023-12-08 01:12:26.560657+00:00,,,HOMBRE,26_35,NINGUNA,,,,,,,,,,,,,,,,,,,,,,CRUCE_PEATONAL,HAY_MUCHOS_PEATONES MEJORAR_SEGURIDAD FOMENTAR_SEGURIDAD_INFANTIL,,,,,,,,,,,,,,,,,,,,,,,,,,,,,,,,,,,,,,,,,,,,,,,,,,,,,,,,,,,,,,,,,,,,,,,,,,,,,,,,,,,,,,,,
315,Entorno urbano,Banquetas y cruces peatonales (POTENCIALES) ⭐️⭐️,13,-101.68169878979319,21.101270760628466,2023-12-08 01:12:26.560509+00:00,,,HOMBRE,26_35,NINGUNA,,,,,,,,,,,,,,,,,,,,,,CRUCE_PEATONAL,HAY_MUCHOS_PEATONES MEJORAR_SEGURIDAD FOMENTAR_SEGURIDAD_INFANTIL,,,,,,,,,,,,,,,,,,,,,,,,,,,,,,,,,,,,,,,,,,,,,,,,,,,,,,,,,,,,,,,,,,,,,,,,,,,,,,,,,,,,,,,,
314,Entorno urbano,Banquetas y cruces peatonales (POTENCIALES) ⭐️⭐️,13,-101.68168083486341,21.10139500986174,2023-12-08 01:12:26.560446+00:00,,,HOMBRE,26_35,NINGUNA,,,,,,,,,,,,,,,,,,,,,,CRUCE_PEATONAL,HAY_MUCHOS_PEATONES MEJORAR_SEGURIDAD FOMENTAR_SEGURIDAD_INFANTIL,,,,,,,,,,,,,,,,,,,,,,,,,,,,,,,,,,,,,,,,,,,,,,,,,,,,,,,,,,,,,,,,,,,,,,,,,,,,,,,,,,,,,,,,
313,Entorno urbano,Banquetas y cruces peatonales (POTENCIALES) ⭐️⭐️,13,-101.68157560488063,21.101363353166775,2023-12-08 01:12:26.560379+00:00,,,HOMBRE,26_35,NINGUNA,,,,,,,,,,,,,,,,,,,,,,CRUCE_PEATONAL,HAY_MUCHOS_PEATONES MEJORAR_SEGURIDAD FOMENTAR_SEGURIDAD_INFANTIL,,,,,,,,,,,,,,,,,,,,,,,,,,,,,,,,,,,,,,,,,,,,,,,,,,,,,,,,,,,,,,,,,,,,,,,,,,,,,,,,,,,,,,,,
312,Entorno urbano,Ciclovías y biciestacionamientos (POTENCIALES) ⭐️⭐️,8,-101.68197285949299,21.10138823340941,2023-12-08 01:12:26.560286+00:00,,,HOMBRE,26_35,NINGUNA,CICLOVIA,HAY_MUCHOS_CICLCISTAS FOMENTAR_USO_INFANTIL,,,,,,,,,,,,,,,,,,,,,,,,,,,,,,,,,,,,,,,,,,,,,,,,,,,,,,,,,,,,,,,,,,,,,,,,,,,,,,,,,,,,,,,,,,,,,,,,,,,,,,,,,,,,,
311,Entorno urbano,Banquetas y cruces peatonales (POTENCIALES) ⭐️⭐️,13,-101.68198843262509,21.09985395396272,2023-12-08 01:12:26.560173+00:00,,,HOMBRE,26_35,NINGUNA,,,,,,,,,,,,,,,,,,,,,calle con desgaste y probable riesgo,BANQUETA,HAY_MUCHOS_PEATONES,,,,,,,,,,,,,,,,,,,,,,,,,,,,,,,,,,,,,,,,,,,,,,,,,,,,,,,,,,,,,,,,,,,,,,,,,,,,,,,,,,,,,,,,
310,Entorno urbano,Banquetas y caminos,11,-101.68192862189639,21.101325412522648,2023-12-08 01:12:26.560056+00:00,,,HOMBRE,26_35,NINGUNA,,,,SI,MODERADO,MODERADO,LEVE,LEVE,GRAVE,MODERADO,MODERADO,GRAVE,GRAVE,LEVE,GRAVE,MODERADO,GRAVE,GRAVE,,,,,,,,,,,,,,,,,,,,,,,,,,,,,,,,,,,,,,,,,,,,,,,,,,,,,,,,,,,,,,,,,,,,,,,,,,,,,,,,,,,,,,,,,,,,,
309,Entorno urbano,Espacios públicos y áreas verdes,14,-101.68117632827935,21.099050841969294,2023-12-08 01:12:26.559910+00:00,,,HOMBRE,26_35,NINGUNA,,,,,,,,,,,,,,,,,,,,,,,,JARDIN,BUENO,BUENO,BUENO,BUENO,BUENO,REGULAR,BUENO,BUENO,BUENO,NO_HAY,NO_HAY,BUENO,BUENO,BUENO,BUENO,REGULAR,BUENO,NO_HAY,baños,,,,,,,,,,,,,,,,,,,,,,,,,,,,,,,,,,,,,,,,,,,,,,,,,,,,,,,,,,,,,,,,,,,,
308,Riesgo de desastres,Espacios de contingencia frente a catástrofes,35,-101.68636726285297,21.102504482502894,2023-12-08 01:10:47.171109+00:00,,,HOMBRE,18_25,NINGUNA,,,,,,,,,,,,,,,,,,,,,,,,,,,,,,,,,,,,,,,,,,,,,,,,,,,,,,,,,,,,,,,,,,,,,,,,,,,,,,,,,,,,,,,,,,,,,,,,,,,,,,,,,,,,,,HOSPITALES,
307,Calidad medioambiental,Puntos de acumulación de basura,18,-101.68647029998777,21.100989395707025,2023-12-08 01:10:47.171046+00:00,,,HOMBRE,18_25,NINGUNA,,,,,,,,,,,,,,,,,,,,,,,,,,,,,,,,,,,,,,,,,,,,,,,ACUMULACION_BASURA,GRAVE,GRAVE,GRAVE,GRAVE,GRAVE,,,,,,,,,,,,,,,,,,,,,,,,,,,,,,,,,,,,,,,,,,,,,,,,,,,,,,,,,,,
306,Riesgo de desastres,Espacios de contingencia frente a catástrofes,35,-101.67962769358653,21.098845387493554,2023-12-08 01:10:47.170984+00:00,,,HOMBRE,18_25,NINGUNA,,,,,,,,,,,,,,,,,,,,,,,,,,,,,,,,,,,,,,,,,,,,,,,,,,,,,,,,,,,,,,,,,,,,,,,,,,,,,,,,,,,,,,,,,,,,,,,,,,,,,,,,,,,,,,HOSPITALES,
305,Riesgo de desastres,Riesgo hidrometeorológico,31,-101.68099044008557,21.099068805892067,2023-12-08 01:10:47.170921+00:00,,,HOMBRE,18_25,NINGUNA,,,,,,,,,,,,,,,,,,,,,,,,,,,,,,,,,,,,,,,,,,,,,,,,,,,,,,,,,,,,,,,,,,,,,,,,,,,,,,,,,,,,,,,,,,,,,,,,,,,,,,,TORMENTA_GRANIZO,1,GRAVE,GRAVE,NINGUNO,NINGUNO,LEVE,,
304,Calidad medioambiental,Puntos de acumulación de basura,18,-101.68156043009739,21.099660013922417,2023-12-08 01:10:47.170852+00:00,,,HOMBRE,18_25,NINGUNA,,,,,,,,,,,,,,,,,,,,,,,,,,,,,,,,,,,,,,,,,,,,,,,TIRADERO_NO_OFICIAL,GRAVE,GRAVE,GRAVE,MODERADO,GRAVE,,,,,,,,,,,,,,,,,,,,,,,,,,,,,,,,,,,,,,,,,,,,,,,,,,,,,,,,,,,
303,Calidad medioambiental,Punto público de agua potable,22,-101.68214232362914,21.099543474773817,2023-12-08 01:10:47.170759+00:00,,,HOMBRE,18_25,NINGUNA,,,,,,,,,,,,,,,,,,,,,,,,,,,,,,,,,,,,,,,,,,,,,,,,,,,,,,,,,,,,,,,,,PUNTO_RECARGA,BUENO,REGULAR,BUENO,BUENO,,,,,,,,,,,,,,,,,,,,,,,,,,,,,,,,,,,,,,,,,,
302,Calidad medioambiental,Punto de recolección de basura y reciclaje (POTENCIAL) ⭐️⭐️,17,-101.6815114777386,21.099691879255886,2023-12-08 01:10:47.170696+00:00,,,HOMBRE,18_25,NINGUNA,,,,,,,,,,,,,,,,,,,,,,,,,,,,,,,,,,,,,,,,,,,,INSTALAR_BASUREROS,CERCA_HOGARES,,,,,,,,,,,,,,,,,,,,,,,,,,,,,,,,,,,,,,,,,,,,,,,,,,,,,,,,,,,,,,,,,,
301,Calidad medioambiental,Drenaje y alcantarillado,23,-101.68205290136322,21.09936884627431,2023-12-08 01:10:47.170632+00:00,,,HOMBRE,18_25,NINGUNA,,,,,,,,,,,,,,,,,,,,,,,,,,,,,,,,,,,,,,,,,,,,,,,,,,,,,,,,,,,,,,,,,,,,,,,DRENAJE,,GRAVE,GRAVE,GRAVE,GRAVE,MODERADO,NINGUNO,GRAVE,,,,,,,,,,,,,,,,,,,,,,,,,,,,,,,,
300,Calidad medioambiental,Contaminación del aire,20,-101.68151738044239,21.09846789185422,2023-12-08 01:10:47.170567+00:00,,,HOMBRE,18_25,NINGUNA,,,,,,,,,,,,,,,,,,,,,,,,,,,,,,,,,,,,,,,,,,,,,,,,,,,,,,,MODERADO,GRAVE,GRAVE,GRAVE,NINGUNO,NINGUNO,NINGUNO,NINGUNO,,,,,,,,,,,,,,,,,,,,,,,,,,,,,,,,,,,,,,,,,,,,,,,,,
299,Entorno urbano,Espacios públicos y áreas verdes,14,-101.68115259999945,21.099098495711715,2023-12-08 01:10:47.170487+00:00,,,HOMBRE,18_25,NINGUNA,,,,,,,,,,,,,,,,,,,,,,,,PARQUE,BUENO,REGULAR,BUENO,BUENO,BUENO,REGULAR,REGULAR,BUENO,BUENO,REGULAR,BUENO,BUENO,BUENO,BUENO,BUENO,BUENO,BUENO,,,,,,,,,,,,,,,,,,,,,,,,,,,,,,,,,,,,,,,,,,,,,,,,,,,,,,,,,,,,,,,,,,,,,,
298,Entorno urbano,Banquetas y caminos,11,-101.68223953089901,21.098397046915778,2023-12-08 01:10:19.725830+00:00,images/59d73306-bd38-4630-b066-0f991f577c3f.jpg,,MUJER,26_35,NINGUNA,,,,NO,,GRAVE,GRAVE,GRAVE,,,,,,,,,,,,,,,,,,,,,,,,,,,,,,,,,,,,,,,,,,,,,,,,,,,,,,,,,,,,,,,,,,,,,,,,,,,,,,,,,,,,,,,,,,,,,,,,,,,,,,,
297,Entorno urbano,Banquetas y caminos,11,-101.68223953089901,21.098397046915778,2023-12-08 01:10:19.725761+00:00,images/c1b744aa-0407-4711-9286-b277ab729259.jpg,,MUJER,26_35,NINGUNA,,,,NO,GRAVE,,,,,GRAVE,,,,,,,,,,,,,,,,,,,,,,,,,,,,,,,,,,,,,,,,,,,,,,,,,,,,,,,,,,,,,,,,,,,,,,,,,,,,,,,,,,,,,,,,,,,,,,,,,,,,,
296,Entorno urbano,Banquetas y cruces peatonales (POTENCIALES) ⭐️⭐️,13,-101.68223953089901,21.098397046915778,2023-12-08 01:10:19.725668+00:00,images/e824e24d-9d85-46c9-ac4d-c193275e8c6f.jpg,,MUJER,26_35,NINGUNA,,,,,,,,,,,,,,,,,,,,,,BANQUETA,HAY_MUCHOS_PEATONES,,,,,,,,,,,,,,,,,,,,,,,,,,,,,,,,,,,,,,,,,,,,,,,,,,,,,,,,,,,,,,,,,,,,,,,,,,,,,,,,,,,,,,,,
295,Entorno urbano,Banquetas y caminos,11,-101.68223953089901,21.098397046915778,2023-12-08 01:10:19.725606+00:00,images/d00fec45-8789-49c4-815f-e4ed5064ee55.jpg,,MUJER,26_35,NINGUNA,,,,NO,GRAVE,GRAVE,GRAVE,,,,,,,,,,,,,,,,,,,,,,,,,,,,,,,,,,,,,,,,,,,,,,,,,,,,,,,,,,,,,,,,,,,,,,,,,,,,,,,,,,,,,,,,,,,,,,,,,,,,,,,,
294,Entorno urbano,Banquetas y caminos,11,-101.68223953089901,21.098397046915778,2023-12-08 01:10:19.725538+00:00,images/2e08fb43-be9a-40f4-b1e6-69b31ce033ef.jpg,,MUJER,26_35,NINGUNA,,,,NO,GRAVE,GRAVE,,,,,,,,,,,,,,,,,,,,,,,,,,,,,,,,,,,,,,,,,,,,,,,,,,,,,,,,,,,,,,,,,,,,,,,,,,,,,,,,,,,,,,,,,,,,,,,,,,,,,,,,,
293,Entorno urbano,Banquetas y caminos,11,-101.68223953089901,21.098397046915778,2023-12-08 01:10:19.725439+00:00,images/c70b0f40-1291-44f7-8711-fde03bfb3a21.jpg,,MUJER,26_35,NINGUNA,,,,NO,,MODERADO,,,,,,GRAVE,GRAVE,,,,GRAVE,GRAVE,,,,,,,,,,,,,,,,,,,,,,,,,,,,,,,,,,,,,,,,,,,,,,,,,,,,,,,,,,,,,,,,,,,,,,,,,,,,,,,,,,,,,,,,,,,,,
292,Entorno urbano,Banquetas y caminos,11,-101.68223953089901,21.098397046915778,2023-12-08 01:10:19.725367+00:00,images/a11349e3-aed7-4dde-803e-a12b13731f8e.jpg,,MUJER,26_35,NINGUNA,,,,NO,GRAVE,GRAVE,,,,,,,,,,,,,,,,,,,,,,,,,,,,,,,,,,,,,,,,,,,,,,,,,,,,,,,,,,,,,,,,,,,,,,,,,,,,,,,,,,,,,,,,,,,,,,,,,,,,,,,,,
291,Entorno urbano,Banquetas y cruces peatonales (POTENCIALES) ⭐️⭐️,13,-101.68223953089901,21.098397046915778,2023-12-08 01:10:19.725282+00:00,images/da3c1568-6c28-4682-87d5-d9657a07c0bb.jpg,,MUJER,26_35,NINGUNA,,,,,,,,,,,,,,,,,,,,,,CRUCE_PEATONAL,HAY_MUCHOS_PEATONES MEJORAR_SEGURIDAD FOMENTAR_SEGURIDAD_INFANTIL CONECTAR_ESPACIOS,,,,,,,,,,,,,,,,,,,,,,,,,,,,,,,,,,,,,,,,,,,,,,,,,,,,,,,,,,,,,,,,,,,,,,,,,,,,,,,,,,,,,,,,
290,Entorno urbano,Banquetas y caminos,11,-101.68223953089901,21.098397046915778,2023-12-08 01:10:19.725202+00:00,images/f3c02ba5-66e0-4c22-a57b-b58aea409b53.jpg,,MUJER,26_35,NINGUNA,,,,NO,MODERADO,GRAVE,,,,,,,,,,,,,,,,,,,,,,,,,,,,,,,,,,,,,,,,,,,,,,,,,,,,,,,,,,,,,,,,,,,,,,,,,,,,,,,,,,,,,,,,,,,,,,,,,,,,,,,,,
289,Entorno urbano,Ciclovías y biciestacionamientos (POTENCIALES) ⭐️⭐️,8,-101.68223953089901,21.098397046915778,2023-12-08 01:10:19.725105+00:00,images/f6aaf6d2-d073-4f8c-9cf1-6ef63d441357.jpg,,MUJER,26_35,NINGUNA,CICLOVIA,HAY_MUCHOS_CICLCISTAS,,,,,,,,,,,,,,,,,,,,,,,,,,,,,,,,,,,,,,,,,,,,,,,,,,,,,,,,,,,,,,,,,,,,,,,,,,,,,,,,,,,,,,,,,,,,,,,,,,,,,,,,,,,,,
288,Entorno urbano,Banquetas y caminos,11,-101.68223953089901,21.098397046915778,2023-12-08 01:10:19.725005+00:00,images/56b762da-172f-4fd7-9469-21e7a104937e.jpg,,MUJER,26_35,NINGUNA,,,,NO,MODERADO,MODERADO,,,,,,,,,,,,,,,,,,,,,,,,,,,,,,,,,,,,,,,,,,,,,,,,,,,,,,,,,,,,,,,,,,,,,,,,,,,,,,,,,,,,,,,,,,,,,,,,,,,,,,,,,
287,Entorno urbano,Banquetas y caminos,11,-101.68223953089901,21.098397046915778,2023-12-08 01:10:19.724928+00:00,images/65eb619b-2fea-43c9-82ad-7d25c41d9d18.jpg,,MUJER,26_35,NINGUNA,,,,NO,GRAVE,GRAVE,,,,,,,,,,,,,,,,,,,,,,,,,,,,,,,,,,,,,,,,,,,,,,,,,,,,,,,,,,,,,,,,,,,,,,,,,,,,,,,,,,,,,,,,,,,,,,,,,,,,,,,,,
286,Entorno urbano,Ciclovías y biciestacionamientos (POTENCIALES) ⭐️⭐️,8,-101.68223953089901,21.098397046915778,2023-12-08 01:10:19.724847+00:00,images/65af3345-8cfd-4491-9c47-6284bc2f5e60.jpg,,MUJER,26_35,NINGUNA,CICLOVIA,HAY_MUCHOS_CICLCISTAS,,,,,,,,,,,,,,,,,,,,,,,,,,,,,,,,,,,,,,,,,,,,,,,,,,,,,,,,,,,,,,,,,,,,,,,,,,,,,,,,,,,,,,,,,,,,,,,,,,,,,,,,,,,,,
285,Entorno urbano,Banquetas y caminos,11,-101.68223953089901,21.098397046915778,2023-12-08 01:10:19.724785+00:00,images/7940d7d8-de06-4ad0-b741-434793644943.jpg,,MUJER,26_35,NINGUNA,,,,SI,,,,,,,,,,,,,,,,,,,,,,,,,,,,,,,,,,,,,,,,,,,,,,,,,,,,,,,,,,,,,,,,,,,,,,,,,,,,,,,,,,,,,,,,,,,,,,,,,,,,,,,,,,,
284,Entorno urbano,Banquetas y caminos,11,-101.68223953089901,21.098397046915778,2023-12-08 01:10:19.724723+00:00,images/c88b1927-619b-4e21-b83f-9a2eaa24dc17.jpg,,MUJER,26_35,NINGUNA,,,,NO,GRAVE,,GRAVE,GRAVE,LEVE,,,GRAVE,GRAVE,GRAVE,LEVE,,GRAVE,,,,,,,,,,,,,,,,,,,,,,,,,,,,,,,,,,,,,,,,,,,,,,,,,,,,,,,,,,,,,,,,,,,,,,,,,,,,,,,,,,,,,,,,,,,,,,
283,Entorno urbano,Banquetas y caminos,11,-101.68223953089901,21.098397046915778,2023-12-08 01:10:19.724659+00:00,images/b673957b-c5a8-4ded-9ad0-eb594e55cdbd.jpg,,MUJER,26_35,NINGUNA,,,,NO,GRAVE,LEVE,GRAVE,LEVE,,,,MODERADO,GRAVE,GRAVE,,,GRAVE,GRAVE,,,,,,,,,,,,,,,,,,,,,,,,,,,,,,,,,,,,,,,,,,,,,,,,,,,,,,,,,,,,,,,,,,,,,,,,,,,,,,,,,,,,,,,,,,,,,
282,Entorno urbano,Banquetas y caminos,11,-101.68223953089901,21.098397046915778,2023-12-08 01:10:19.724596+00:00,images/cc6dfbaf-09fd-45a4-bee2-a7373464e8ef.jpg,,MUJER,26_35,NINGUNA,,,,SI,,,LEVE,,,,,LEVE,LEVE,GRAVE,,,MODERADO,GRAVE,,,,,,,,,,,,,,,,,,,,,,,,,,,,,,,,,,,,,,,,,,,,,,,,,,,,,,,,,,,,,,,,,,,,,,,,,,,,,,,,,,,,,,,,,,,,,
281,Entorno urbano,Ciclovías y biciestacionamientos (POTENCIALES) ⭐️⭐️,8,-101.68223953089901,21.098397046915778,2023-12-08 01:10:19.724532+00:00,images/30d87e2e-4fda-4e40-8b2c-4ef7f68ee027.jpg,,MUJER,26_35,NINGUNA,CICLOVIA,HAY_MUCHOS_CICLCISTAS MEJORAR_SEGURIDAD FOMENTAR_USO_INFANTIL,,,,,,,,,,,,,,,,,,,,,,,,,,,,,,,,,,,,,,,,,,,,,,,,,,,,,,,,,,,,,,,,,,,,,,,,,,,,,,,,,,,,,,,,,,,,,,,,,,,,,,,,,,,,,
280,Entorno urbano,Banquetas y cruces peatonales (POTENCIALES) ⭐️⭐️,13,-101.675954873968,21.098795398624233,2023-12-08 01:10:19.724455+00:00,images/1b664778-33ca-413a-88ba-2d4955be41fa.jpg,,MUJER,26_35,NINGUNA,,,,,,,,,,,,,,,,,,,,,,CRUCE_PEATONAL,HAY_MUCHOS_PEATONES MEJORAR_SEGURIDAD FOMENTAR_SEGURIDAD_INFANTIL,,,,,,,,,,,,,,,,,,,,,,,,,,,,,,,,,,,,,,,,,,,,,,,,,,,,,,,,,,,,,,,,,,,,,,,,,,,,,,,,,,,,,,,,
279,Entorno urbano,Espacios públicos y áreas verdes,14,-101.675954873968,21.098795398624233,2023-12-08 01:10:19.724337+00:00,images/5dc017f7-3641-48f1-bde0-f3a47e02c7f7.jpg,,MUJER,26_35,NINGUNA,,,,,,,,,,,,,,,,,,,,,,,,PARQUE,REGULAR,REGULAR,REGULAR,BUENO,REGULAR,REGULAR,REGULAR,BUENO,BUENO,MALO,MALO,REGULAR,BUENO,REGULAR,BUENO,REGULAR,REGULAR,NO_HAY,,,,,,,,,,,,,,,,,,,,,,,,,,,,,,,,,,,,,,,,,,,,,,,,,,,,,,,,,,,,,,,,,,,,,
278,Calidad medioambiental,Punto de recolección de basura y reciclaje (POTENCIAL) ⭐️⭐️,17,-101.68105205441151,21.099071001309063,2023-12-08 01:09:41.208864+00:00,,separación en el mercado ,MUJER,26_35,NINGUNA,,,,,,,,,,,,,,,,,,,,,,,,,,,,,,,,,,,,,,,,,,,,INSTALAR_PUNTOS_RECICLAJE INSTALAR_PUNTOS_COMPOSTAJE ESPACIO_EDUCACION_AMBIENTAL INSTALAR_CONTENEDORES,CERCA_HOGARES ESPACIO_SUFICIENTE HAY_CAPACIDAD TERRENO_ADECUADO,,,,,,,,,,,,,,,,,,,,,,,,,,,,,,,,,,,,,,,,,,,,,,,,,,,,,,,,,,,,,,,,,,
277,Riesgo de desastres,Riesgo hidrometeorológico,31,-101.68105651012108,21.0990791915416,2023-12-08 01:09:41.208795+00:00,images/cb841dd0-d95c-44a4-9a60-347c3b4e8d12.jpg,,MUJER,26_35,NINGUNA,,,,,,,,,,,,,,,,,,,,,,,,,,,,,,,,,,,,,,,,,,,,,,,,,,,,,,,,,,,,,,,,,,,,,,,,,,,,,,,,,,,,,,,,,,,,,,,,,,,,,,,INUNDACION,2_5,GRAVE,MODERADO,NINGUNO,NINGUNO,NINGUNO,,
276,Riesgo de desastres,Espacios de contingencia frente a catástrofes,35,-101.68105651012108,21.0990791915416,2023-12-08 01:09:41.208696+00:00,images/6209ad90-a772-4638-b7e1-48103db5b925.jpg,se propone para espacio seguro,MUJER,26_35,NINGUNA,,,,,,,,,,,,,,,,,,,,,,,,,,,,,,,,,,,,,,,,,,,,,,,,,,,,,,,,,,,,,,,,,,,,,,,,,,,,,,,,,,,,,,,,,,,,,,,,,,,,,,,,,,,,,,OTRO,escuela 
275,Riesgo de desastres,Espacios de contingencia frente a catástrofes,35,-101.68106131526878,21.099074708569034,2023-12-08 01:09:41.208626+00:00,images/3bc8a542-54d6-4ea8-a6a1-dc82bd2e0afa.jpg,,MUJER,26_35,NINGUNA,,,,,,,,,,,,,,,,,,,,,,,,,,,,,,,,,,,,,,,,,,,,,,,,,,,,,,,,,,,,,,,,,,,,,,,,,,,,,,,,,,,,,,,,,,,,,,,,,,,,,,,,,,,,,,PUNTOS_SEGUROS,mercado 
274,Riesgo de desastres,Riesgo hidrometeorológico,31,-101.68106131526878,21.099074708569034,2023-12-08 01:09:41.208562+00:00,images/dbf0be4e-1547-4a33-8c93-bf352aa5934c.jpg,,MUJER,26_35,NINGUNA,,,,,,,,,,,,,,,,,,,,,,,,,,,,,,,,,,,,,,,,,,,,,,,,,,,,,,,,,,,,,,,,,,,,,,,,,,,,,,,,,,,,,,,,,,,,,,,,,,,,,,,INUNDACION,2_5,GRAVE,MODERADO,GRAVE,NINGUNO,LEVE,,
273,Riesgo de desastres,Riesgo hidrometeorológico,31,-101.68106131526878,21.099074708569034,2023-12-08 01:09:41.208495+00:00,images/7f936d59-e837-4910-bc26-9009477dff7f.jpg,,MUJER,26_35,NINGUNA,,,,,,,,,,,,,,,,,,,,,,,,,,,,,,,,,,,,,,,,,,,,,,,,,,,,,,,,,,,,,,,,,,,,,,,,,,,,,,,,,,,,,,,,,,,,,,,,,,,,,,,INUNDACION,2_5,GRAVE,MODERADO,NINGUNO,,LEVE,,
272,Calidad medioambiental,Contaminación del aire,20,-101.68106131526878,21.099074708569034,2023-12-08 01:09:41.208420+00:00,images/b9297c44-3d18-4e45-acca-b912d038de7b.jpg,,MUJER,26_35,NINGUNA,,,,,,,,,,,,,,,,,,,,,,,,,,,,,,,,,,,,,,,,,,,,,,,,,,,,,,,GRAVE,MODERADO,MODERADO,LEVE,LEVE,LEVE,LEVE,GRAVE,,,,,,,,,,,,,,,,,,,,,,,,,,,,,,,,,,,,,,,,,,,,,,,,,
271,Calidad medioambiental,Drenaje y alcantarillado,23,-101.68106131526878,21.099074708569034,2023-12-08 01:09:41.208294+00:00,images/39b95376-2362-4dbd-a5ec-5c4b7f664da7.jpg,,MUJER,26_35,NINGUNA,,,,,,,,,,,,,,,,,,,,,,,,,,,,,,,,,,,,,,,,,,,,,,,,,,,,,,,,,,,,,,,,,,,,,,,DRENAJE,,NINGUNO,NINGUNO,LEVE,LEVE,LEVE,LEVE,LEVE,,,,,,,,,,,,,,,,,,,,,,,,,,,,,,,,
270,Calidad medioambiental,Punto de recolección de basura y reciclaje (POTENCIAL) ⭐️⭐️,17,-101.68106131526878,21.099074708569034,2023-12-08 01:09:41.208169+00:00,,,MUJER,26_35,NINGUNA,,,,,,,,,,,,,,,,,,,,,,,,,,,,,,,,,,,,,,,,,,,,INSTALAR_CONTENEDORES INSTALAR_BASUREROS INSTALAR_PUNTOS_RECICLAJE INSTALAR_PUNTOS_COMPOSTAJE ESPACIO_EDUCACION_AMBIENTAL COOPERATIVA_RECICLAJE,CERCA_HOGARES ESPACIO_SUFICIENTE HAY_CAPACIDAD TERRENO_ADECUADO,,,,,,,,,,,,,,,,,,,,,,,,,,,,,,,,,,,,,,,,,,,,,,,,,,,,,,,,,,,,,,,,,,
269,Calidad medioambiental,Puntos de acumulación de basura,18,-101.6810639807012,21.099101478462252,2023-12-08 01:09:41.208033+00:00,images/be06040d-5453-400d-8f02-2df29e024ea0.jpg,,MUJER,26_35,NINGUNA,,,,,,,,,,,,,,,,,,,,,,,,,,,,,,,,,,,,,,,,,,,,,,,ACUMULACION_BASURA,GRAVE,GRAVE,LEVE,GRAVE,MODERADO,,,,,,,,,,,,,,,,,,,,,,,,,,,,,,,,,,,,,,,,,,,,,,,,,,,,,,,,,,,
268,Calidad medioambiental,Puntos de acumulación de basura,18,-101.6810639807012,21.099101478462252,2023-12-08 01:09:41.207921+00:00,images/d24cb2cc-4325-44c2-8e25-4249c4f068f4.jpg,,MUJER,26_35,NINGUNA,,,,,,,,,,,,,,,,,,,,,,,,,,,,,,,,,,,,,,,,,,,,,,,ACUMULACION_BASURA,GRAVE,GRAVE,LEVE,LEVE,MODERADO,,,,,,,,,,,,,,,,,,,,,,,,,,,,,,,,,,,,,,,,,,,,,,,,,,,,,,,,,,,
267,Entorno urbano,Espacios públicos y áreas verdes,14,-101.6810639807012,21.099101478462252,2023-12-08 01:09:41.207803+00:00,images/7db974f1-d17a-4393-a760-3f1350868ecf.jpg,,MUJER,26_35,NINGUNA,,,,,,,,,,,,,,,,,,,,,,,,CANCHA_DEPORTIVA,BUENO,REGULAR,REGULAR,BUENO,REGULAR,REGULAR,REGULAR,REGULAR,BUENO,NO_HAY,NO_HAY,BUENO,BUENO,BUENO,BUENO,REGULAR,REGULAR,MALO,en la cancha deberían mejorar la cancha de fútbol ,,,,,,,,,,,,,,,,,,,,,,,,,,,,,,,,,,,,,,,,,,,,,,,,,,,,,,,,,,,,,,,,,,,,
266,Entorno urbano,Banquetas y caminos,11,-101.68363140000602,21.1010441131807,2023-12-08 01:09:09.315677+00:00,images/025dfba9-e55e-4074-928d-1974e4f674b4.jpg,,MUJER,56_65,NINGUNA,,,,NO,,GRAVE,,,,,,,,,,,,,,,,,,,,,,,,,,,,,,,,,,,,,,,,,,,,,,,,,,,,,,,,,,,,,,,,,,,,,,,,,,,,,,,,,,,,,,,,,,,,,,,,,,,,,,,,,
265,Entorno urbano,Banquetas y caminos,11,-101.68329329999833,21.10073271318072,2023-12-08 01:09:09.315610+00:00,images/d5962cec-ce00-42ea-b467-3458a1da07f5.jpg,,MUJER,56_65,NINGUNA,,,,NO,,,GRAVE,GRAVE,,GRAVE,,,,,,,,,,,,,,,,,,,,,,,,,,,,,,,,,,,,,,,,,,,,,,,,,,,,,,,,,,,,,,,,,,,,,,,,,,,,,,,,,,,,,,,,,,,,,,,,,,,,,
264,Entorno urbano,Banquetas y caminos,11,-101.68273620000707,21.100047313202204,2023-12-08 01:09:09.315540+00:00,images/9246e1da-811b-4682-87f5-c78c91aa8ee3.jpg,,MUJER,56_65,NINGUNA,,,,NO,,,GRAVE,GRAVE,,GRAVE,,,,,,,,,,el árbol está afectando la banqueta ,,,,,,,,,,,,,,,,,,,,,,,,,,,,,,,,,,,,,,,,,,,,,,,,,,,,,,,,,,,,,,,,,,,,,,,,,,,,,,,,,,,,,,,,,,,
263,Entorno urbano,Banquetas y caminos,11,-101.68148849999812,21.099367613196947,2023-12-08 01:09:09.315469+00:00,images/4d531c6e-9093-4606-b957-d4e2b6a64b17.jpg,,MUJER,56_65,NINGUNA,,,,NO,MODERADO,GRAVE,GRAVE,GRAVE,LEVE,GRAVE,LEVE,MODERADO,GRAVE,GRAVE,LEVE,GRAVE,GRAVE,GRAVE,,raizes d árbol sobresaliente ,,,,,,,,,,,,,,,,,,,,,,,,,,,,,,,,,,,,,,,,,,,,,,,,,,,,,,,,,,,,,,,,,,,,,,,,,,,,,,,,,,,,,,,,,,,
262,Entorno urbano,Espacios públicos y áreas verdes,14,-101.68110340000224,21.0991482131927,2023-12-08 01:09:09.315380+00:00,,,MUJER,56_65,NINGUNA,,,,,,,,,,,,,,,,,,,,,,,,PARQUE,BUENO,BUENO,BUENO,BUENO,BUENO,NO_HAY,NO_HAY,REGULAR,BUENO,NO_HAY,NO_HAY,REGULAR,BUENO,REGULAR,REGULAR,NO_HAY,BUENO,REGULAR,,,,,,,,,,,,,,,,,,,,,,,,,,,,,,,,,,,,,,,,,,,,,,,,,,,,,,,,,,,,,,,,,,,,,
261,Entorno urbano,Banquetas y cruces peatonales (POTENCIALES) ⭐️⭐️,13,-101.6858903000086,21.100862375283,2023-12-08 01:08:55.262170+00:00,images/b546ef13-33b1-4ad1-843a-f9d717f34fef.jpg,esta muy angosta la banqueta ,MUJER,36_45,NINGUNA,,,,,,,,,,,,,,,,,,,,,,BANQUETA,FOMENTAR_SEGURIDAD_INFANTIL MEJORAR_APARIENCIA,,,,,,,,,,,,,,,,,,,,,,,,,,,,,,,,,,,,,,,,,,,,,,,,,,,,,,,,,,,,,,,,,,,,,,,,,,,,,,,,,,,,,,,,
260,Entorno urbano,Banquetas y caminos,11,-101.68368009999793,21.100349875288508,2023-12-08 01:08:55.262100+00:00,images/c457fd03-2b80-4b26-b7ab-56a9a715c7ab.jpg,,MUJER,36_45,NINGUNA,,,,NO,LEVE,LEVE,GRAVE,GRAVE,LEVE,LEVE,MODERADO,LEVE,LEVE,LEVE,LEVE,,,,,,,,,,,,,,,,,,,,,,,,,,,,,,,,,,,,,,,,,,,,,,,,,,,,,,,,,,,,,,,,,,,,,,,,,,,,,,,,,,,,,,,,,,,,,,,,
259,Entorno urbano,Banquetas y caminos,11,-101.68338379999062,21.10020577527358,2023-12-08 01:08:55.262034+00:00,images/c8aac787-a306-486e-b5ba-7baa94d901a7.jpg,,MUJER,36_45,NINGUNA,,,,NO,GRAVE,MODERADO,,GRAVE,,,,,,,,,,,,cruce peatonal peligroso ,,,,,,,,,,,,,,,,,,,,,,,,,,,,,,,,,,,,,,,,,,,,,,,,,,,,,,,,,,,,,,,,,,,,,,,,,,,,,,,,,,,,,,,,,,,
258,Entorno urbano,Banquetas y caminos,11,-101.68152039999897,21.099555875293255,2023-12-08 01:08:55.261946+00:00,images/d80e5660-c8c9-4165-b412-51d49836c749.jpg,,MUJER,36_45,NINGUNA,,,,NO,MODERADO,GRAVE,GRAVE,GRAVE,LEVE,GRAVE,LEVE,MODERADO,GRAVE,GRAVE,LEVE,,GRAVE,GRAVE,,raíces de árbol sobresaliente ,,,,,,,,,,,,,,,,,,,,,,,,,,,,,,,,,,,,,,,,,,,,,,,,,,,,,,,,,,,,,,,,,,,,,,,,,,,,,,,,,,,,,,,,,,,
257,Entorno urbano,Espacios públicos y áreas verdes,14,-101.68099330000963,21.099166575306434,2023-12-08 01:08:55.261853+00:00,images/5a551d23-9767-4518-9ddb-bad75f62a1dd.jpg,,MUJER,36_45,NINGUNA,,,,,,,,,,,,,,,,,,,,,,,,PARQUE,BUENO,BUENO,BUENO,BUENO,REGULAR,BUENO,BUENO,BUENO,BUENO,NO_HAY,NO_HAY,BUENO,BUENO,BUENO,BUENO,REGULAR,BUENO,BUENO,solo faltan baños y el bebedero no funciona ,,,,,,,,,,,,,,,,,,,,,,,,,,,,,,,,,,,,,,,,,,,,,,,,,,,,,,,,,,,,,,,,,,,,
256,Bienestar Socioeconómico,Actividades culturales,27,-101.68474069999434,21.101330321999733,2023-12-08 01:08:20.031332+00:00,images/5d0bc348-1f46-4fad-98e8-5ac04e9f5254.jpg,,MUJER,46_55,NINGUNA,,,,,,,,,,,,,,,,,,,,,,,,,,,,,,,,,,,,,,,,,,,,,,,,,,,,,,,,,,,,,,,,,,,,,,,,,,,,,,,,,,,,,,,,,FECHAS_ESPECIALES,,BUENO,BUENO,BUENO,BUENO,REGULAR,,,,,,,,,,,,,,,,
255,Entorno urbano,Espacios públicos y áreas verdes,14,-101.68473130000336,21.101175722012194,2023-12-08 01:08:20.031264+00:00,images/774077ea-921f-4051-8a05-8f41c0789f3f.jpg,,MUJER,46_55,NINGUNA,,,,,,,,,,,,,,,,,,,,,,,,PLAZA,REGULAR,MALO,BUENO,BUENO,BUENO,REGULAR,REGULAR,MALO,BUENO,NO_HAY,NO_HAY,BUENO,,BUENO,,NO_HAY,MALO,,,,,,,,,,,,,,,,,,,,,,,,,,,,,,,,,,,,,,,,,,,,,,,,,,,,,,,,,,,,,,,,,,,,,,
254,Bienestar Socioeconómico,Actividades de comercio local,26,-101.6832226000167,21.10069192202704,2023-12-08 01:08:20.031198+00:00,images/05c897c3-9a80-45a0-a965-ebd643c78614.jpg,,MUJER,46_55,NINGUNA,,,,,,,,,,,,,,,,,,,,,,,,,,,,,,,,,,,,,,,,,,,,,,,,,,,,,,,,,,,,,,,,,,,,,,,,,,,,,,,,,,PUESTO_CALLEJERO,,REGULAR,REGULAR,BUENO,REGULAR,,,,,,,,,,,,,,,,,,,,,,,,
253,Bienestar Socioeconómico,Actividades de comercio local,26,-101.68329710000123,21.10016210934989,2023-12-08 01:08:20.031129+00:00,images/2832c46a-fb65-4944-9a22-ed6d87b5e8a8.jpg,venta de alimentos en fin de semana,MUJER,46_55,NINGUNA,,,,,,,,,,,,,,,,,,,,,,,,,,,,,,,,,,,,,,,,,,,,,,,,,,,,,,,,,,,,,,,,,,,,,,,,,,,,,,,,,,PUESTO_CALLEJERO,,BUENO,BUENO,BUENO,BUENO,BUENO,,,,,,,,,,,,,,,,,,,,,,,
252,Calidad medioambiental,Punto público de agua potable,22,-101.68203008357813,21.09930861925045,2023-12-08 01:08:20.031062+00:00,,,MUJER,46_55,NINGUNA,,,,,,,,,,,,,,,,,,,,,,,,,,,,,,,,,,,,,,,,,,,,,,,,,,,,,,,,,,,,,,,,,PUNTO_RECARGA,BUENO,REGULAR,,BUENO,,,,,,,,,,,,,,,,,,,,,,,,,,,,,,,,,,,,,,,,,,
251,Bienestar Socioeconómico,Actividades de comercio local,26,-101.68190370000444,21.09981642207005,2023-12-08 01:08:20.030992+00:00,images/041ffbc5-2499-4252-b03d-6e506743c5ba.jpg,,MUJER,46_55,NINGUNA,,,,,,,,,,,,,,,,,,,,,,,,,,,,,,,,,,,,,,,,,,,,,,,,,,,,,,,,,,,,,,,,,,,,,,,,,,,,,,,,,,PUESTO_CALLEJERO,,REGULAR,REGULAR,BUENO,REGULAR,REGULAR,,,,,,,,,,,,,,,,,,,,,,,
250,Entorno urbano,Espacios públicos y áreas verdes,14,-101.68114469161381,21.098897279772963,2023-12-08 01:08:20.030907+00:00,,instalación  de baño,MUJER,46_55,NINGUNA,,,,,,,,,,,,,,,,,,,,,,,,PARQUE,BUENO,BUENO,BUENO,BUENO,REGULAR,BUENO,BUENO,BUENO,BUENO,NO_HAY,NO_HAY,BUENO,BUENO,BUENO,BUENO,REGULAR,BUENO,,no hay baño y agua para consumo,,,,,,,,,,,,,,,,,,,,,,,,,,,,,,,,,,,,,,,,,,,,,,,,,,,,,,,,,,,,,,,,,,,,
249,Bienestar Socioeconómico,Actividades culturales,27,-101.6816518692024,21.09423392913093,2023-12-08 01:08:05.668887+00:00,,,MUJER,46_55,NINGUNA,,,,,,,,,,,,,,,,,,,,,,,,,,,,,,,,,,,,,,,,,,,,,,,,,,,,,,,,,,,,,,,,,,,,,,,,,,,,,,,,,,,,,,,,,FECHAS_ESPECIALES,,BUENO,BUENO,REGULAR,BUENO,BUENO,,,,,,,,,,,,,,,,
248,Bienestar Socioeconómico,Actividades de comercio local,26,-101.68100095687703,21.094841547079042,2023-12-08 01:08:05.668819+00:00,images/b992a77d-f33d-4a2e-b47a-6a51080d154c.jpg,,MUJER,46_55,NINGUNA,,,,,,,,,,,,,,,,,,,,,,,,,,,,,,,,,,,,,,,,,,,,,,,,,,,,,,,,,,,,,,,,,,,,,,,,,,,,,,,,,,PUESTO_CALLEJERO,,BUENO,BUENO,REGULAR,BUENO,BUENO,,,,,,,,,,,,,,,,,,,,,,,
247,Bienestar Socioeconómico,Actividades deportivas,29,-101.68100095687703,21.094841547079042,2023-12-08 01:08:05.668752+00:00,,,MUJER,46_55,NINGUNA,,,,,,,,,,,,,,,,,,,,,,,,,,,,,,,,,,,,,,,,,,,,,,,,,,,,,,,,,,,,,,,,,,,,,,,,,,,,,,,,,,,,,,,,,,,,,,,,EVENTO_DEPORTIVO,,BUENO,BUENO,BUENO,REGULAR,BUENO,,,,,,,,,
246,Bienestar Socioeconómico,Actividades de comercio local,26,-101.68379953090928,21.09763714113455,2023-12-08 01:08:05.668666+00:00,images/392e4204-5c4e-4f85-88fe-89c679207ec2.jpg,,MUJER,46_55,NINGUNA,,,,,,,,,,,,,,,,,,,,,,,,,,,,,,,,,,,,,,,,,,,,,,,,,,,,,,,,,,,,,,,,,,,,,,,,,,,,,,,,,,MERCADO_BAZAR,,BUENO,BUENO,BUENO,BUENO,BUENO,,,,,,,,,,,,,,,,,,,,,,,
245,Calidad medioambiental,Punto público de agua potable,22,-101.68253093832357,21.096846584067805,2023-12-08 01:08:05.668582+00:00,,,MUJER,46_55,NINGUNA,,,,,,,,,,,,,,,,,,,,,,,,,,,,,,,,,,,,,,,,,,,,,,,,,,,,,,,,,,,,,,,,,PUNTO_RECARGA,BUENO,BUENO,REGULAR,BUENO,,,,,,,,,,,,,,,,,,,,,,,,,,,,,,,,,,,,,,,,,,
244,Calidad medioambiental,Punto público de agua potable,22,-101.68253093832357,21.096846584067805,2023-12-08 01:08:05.668500+00:00,,,MUJER,46_55,NINGUNA,,,,,,,,,,,,,,,,,,,,,,,,,,,,,,,,,,,,,,,,,,,,,,,,,,,,,,,,,,,,,,,,,PUNTO_RECARGA,BUENO,BUENO,BUENO,BUENO,,,,,,,,,,,,,,,,,,,,,,,,,,,,,,,,,,,,,,,,,,
243,Entorno urbano,Espacios públicos y áreas verdes,14,-101.68113093091281,21.099101441078673,2023-12-08 01:08:05.668413+00:00,images/377f1377-ed40-4ecf-b9a5-3b49e92b4439.jpg,,MUJER,46_55,NINGUNA,,,,,,,,,,,,,,,,,,,,,,,,PARQUE,REGULAR,REGULAR,REGULAR,BUENO,BUENO,REGULAR,REGULAR,MALO,BUENO,NO_HAY,NO_HAY,BUENO,REGULAR,REGULAR,REGULAR,NO_HAY,BUENO,NO_HAY,,,,,,,,,,,,,,,,,,,,,,,,,,,,,,,,,,,,,,,,,,,,,,,,,,,,,,,,,,,,,,,,,,,,,
242,Bienestar Socioeconómico,Actividades culturales,27,-101.68098423090859,21.09902094108749,2023-12-08 01:08:05.668317+00:00,,,MUJER,46_55,NINGUNA,,,,,,,,,,,,,,,,,,,,,,,,,,,,,,,,,,,,,,,,,,,,,,,,,,,,,,,,,,,,,,,,,,,,,,,,,,,,,,,,,,,,,,,,,FECHAS_ESPECIALES,,BUENO,REGULAR,REGULAR,BUENO,BUENO,,,,,,,,,,,,,,,,
241,Calidad medioambiental,Punto de recolección de basura y reciclaje (POTENCIAL) ⭐️⭐️,17,-101.67943550000095,21.098325676173225,2023-12-08 01:07:14.966608+00:00,,,MUJER,46_55,NINGUNA,,,,,,,,,,,,,,,,,,,,,,,,,,,,,,,,,,,,,,,,,,,,INSTALAR_CONTENEDORES,CERCA_HOGARES,,,,,,,,,,,,,,,,,,,,,,,,,,,,,,,,,,,,,,,,,,,,,,,,,,,,,,,,,,,,,,,,,,
240,Bienestar Socioeconómico,Actividades de comercio local,26,-101.68089940000023,21.097985976192497,2023-12-08 01:07:14.966533+00:00,images/4b87a3e9-5911-4f45-b749-51fac82ed080.jpg,tienda de abarrotes es la mas esrca,MUJER,46_55,NINGUNA,,,,,,,,,,,,,,,,,,,,,,,,,,,,,,,,,,,,,,,,,,,,,,,,,,,,,,,,,,,,,,,,,,,,,,,,,,,,,,,,,,OTRO,,BUENO,BUENO,REGULAR,BUENO,BUENO,,,,,,,,,,,,,,,,,,,,,,,
239,Entorno urbano,Espacios públicos y áreas verdes,14,-101.68513761436228,21.10129595031055,2023-12-08 01:07:14.966454+00:00,,poner unas sombras ,MUJER,46_55,NINGUNA,,,,,,,,,,,,,,,,,,,,,,,,PARQUE,BUENO,NO_HAY,BUENO,REGULAR,BUENO,REGULAR,REGULAR,BUENO,BUENO,NO_HAY,BUENO,BUENO,BUENO,BUENO,BUENO,BUENO,BUENO,,aparatos para aser ejercicio,,,,,,,,,,,,,,,,,,,,,,,,,,,,,,,,,,,,,,,,,,,,,,,,,,,,,,,,,,,,,,,,,,,,
238,Bienestar Socioeconómico,Actividades deportivas,29,-101.68210149999743,21.0987372761437,2023-12-08 01:07:14.966302+00:00,,,MUJER,46_55,NINGUNA,,,,,,,,,,,,,,,,,,,,,,,,,,,,,,,,,,,,,,,,,,,,,,,,,,,,,,,,,,,,,,,,,,,,,,,,,,,,,,,,,,,,,,,,,,,,,,,,EVENTO_DEPORTIVO,,BUENO,REGULAR,BUENO,BUENO,BUENO,,,,,,,,,
237,Bienestar Socioeconómico,Actividades culturales,27,-101.68111791262083,21.099070600292244,2023-12-08 01:07:14.966193+00:00,,,MUJER,46_55,NINGUNA,,,,,,,,,,,,,,,,,,,,,,,,,,,,,,,,,,,,,,,,,,,,,,,,,,,,,,,,,,,,,,,,,,,,,,,,,,,,,,,,,,,,,,,,,ACTIVIDADES_INFANCIA,,BUENO,BUENO,BUENO,BUENO,BUENO,,,,,,,,,,,,,,,,
236,Calidad medioambiental,Punto público de agua potable,22,-101.68132040000052,21.09902837615887,2023-12-08 01:07:14.966111+00:00,,,MUJER,46_55,NINGUNA,,,,,,,,,,,,,,,,,,,,,,,,,,,,,,,,,,,,,,,,,,,,,,,,,,,,,,,,,,,,,,,,,BEBEDERO_PUBLICO,REGULAR,BUENO,BUENO,BUENO,,,,,,,,,,,,,,,,,,,,,,,,,,,,,,,,,,,,,,,,,,
235,Entorno urbano,Espacios públicos y áreas verdes,14,-101.68132040000052,21.09902837615887,2023-12-08 01:07:14.966013+00:00,,,MUJER,46_55,NINGUNA,,,,,,,,,,,,,,,,,,,,,,,,PARQUE,NO_HAY,BUENO,BUENO,BUENO,BUENO,REGULAR,BUENO,BUENO,BUENO,NO_HAY,NO_HAY,BUENO,BUENO,BUENO,,BUENO,BUENO,,baños no hay,,,,,,,,,,,,,,,,,,,,,,,,,,,,,,,,,,,,,,,,,,,,,,,,,,,,,,,,,,,,,,,,,,,,
234,Calidad medioambiental,Puntos de acumulación de basura,18,-101.68150155989797,21.099658134877153,2023-12-08 01:07:09.370790+00:00,,,MUJER,26_35,NINGUNA,,,,,,,,,,,,,,,,,,,,,,,,,,,,,,,,,,,,,,,,,,,,,,,TIRADERO_NO_OFICIAL,LEVE,LEVE,,GRAVE,MODERADO,,,,,,,,,,,,,,,,,,,,,,,,,,,,,,,,,,,,,,,,,,,,,,,,,,,,,,,,,,,
233,Riesgo de desastres,Riesgo hidrometeorológico,31,-101.6811829453366,21.09936795868314,2023-12-08 01:07:09.370724+00:00,,,MUJER,26_35,NINGUNA,,,,,,,,,,,,,,,,,,,,,,,,,,,,,,,,,,,,,,,,,,,,,,,,,,,,,,,,,,,,,,,,,,,,,,,,,,,,,,,,,,,,,,,,,,,,,,,,,,,,,,,INUNDACION,1,MODERADO,NINGUNO,NINGUNO,NINGUNO,LEVE,,
232,Calidad medioambiental,Drenaje y alcantarillado,23,-101.6803724899944,21.100485489358036,2023-12-08 01:07:09.370657+00:00,,,MUJER,26_35,NINGUNA,,,,,,,,,,,,,,,,,,,,,,,,,,,,,,,,,,,,,,,,,,,,,,,,,,,,,,,,,,,,,,,,,,,,,,,ALCANTARILLADO,,,,MODERADO,MODERADO,,,GRAVE,,,,,,,,,,,,,,,,,,,,,,,,,,,,,,,,
231,Calidad medioambiental,Contaminación del aire,20,-101.67949009218451,21.098512667654724,2023-12-08 01:07:09.370590+00:00,,,MUJER,26_35,NINGUNA,,,,,,,,,,,,,,,,,,,,,,,,,,,,,,,,,,,,,,,,,,,,,,,,,,,,,,,MODERADO,NINGUNO,MODERADO,NINGUNO,NINGUNO,NINGUNO,NINGUNO,,,,,,,,,,,,,,,,,,,,,,,,,,,,,,,,,,,,,,,,,,,,,,,,,,
230,Riesgo de desastres,Espacios de contingencia frente a catástrofes,35,-101.67956561879419,21.097968737259556,2023-12-08 01:07:09.370502+00:00,,,MUJER,26_35,NINGUNA,,,,,,,,,,,,,,,,,,,,,,,,,,,,,,,,,,,,,,,,,,,,,,,,,,,,,,,,,,,,,,,,,,,,,,,,,,,,,,,,,,,,,,,,,,,,,,,,,,,,,,,,,,,,,,HOSPITALES,
229,Calidad medioambiental,Puntos de acumulación de basura,18,-101.67980253075078,21.097740163478782,2023-12-08 01:07:09.370389+00:00,,,MUJER,26_35,NINGUNA,,,,,,,,,,,,,,,,,,,,,,,,,,,,,,,,,,,,,,,,,,,,,,,TIRADERO_NO_OFICIAL,LEVE,LEVE,,GRAVE,MODERADO,,,,,,,,,,,,,,,,,,,,,,,,,,,,,,,,,,,,,,,,,,,,,,,,,,,,,,,,,,,
228,Calidad medioambiental,Puntos de acumulación de basura,18,-101.68090254289403,21.100584149879474,2023-12-08 01:07:09.370289+00:00,,,MUJER,26_35,NINGUNA,,,,,,,,,,,,,,,,,,,,,,,,,,,,,,,,,,,,,,,,,,,,,,,TIRADERO_NO_OFICIAL,LEVE,GRAVE,,GRAVE,GRAVE,,,,,,,,,,,,,,,,,,,,,,,,,,,,,,,,,,,,,,,,,,,,,,,,,,,,,,,,,,,
227,Riesgo de desastres,Riesgo hidrometeorológico,31,-101.68034394097057,21.096958634301238,2023-12-08 01:07:09.370177+00:00,,,MUJER,26_35,NINGUNA,,,,,,,,,,,,,,,,,,,,,,,,,,,,,,,,,,,,,,,,,,,,,,,,,,,,,,,,,,,,,,,,,,,,,,,,,,,,,,,,,,,,,,,,,,,,,,,,,,,,,,,SEQUIA,1,NINGUNO,NINGUNO,NINGUNO,LEVE,LEVE,,
226,Calidad medioambiental,Puntos de acumulación de basura,18,-101.68112316733686,21.098295414788332,2023-12-08 01:07:09.370075+00:00,,,MUJER,26_35,NINGUNA,,,,,,,,,,,,,,,,,,,,,,,,,,,,,,,,,,,,,,,,,,,,,,,TIRADERO_NO_OFICIAL,LEVE,GRAVE,LEVE,GRAVE,,,,,,,,,,,,,,,,,,,,,,,,,,,,,,,,,,,,,,,,,,,,,,,,,,,,,,,,,,,,
225,Calidad medioambiental,Contaminación del aire,20,-101.68107443011309,21.098445372502994,2023-12-08 01:07:09.370009+00:00,,,MUJER,26_35,NINGUNA,,,,,,,,,,,,,,,,,,,,,,,,,,,,,,,,,,,,,,,,,,,,,,,,,,,,,,,,LEVE,MODERADO,LEVE,NINGUNO,NINGUNO,NINGUNO,MODERADO,NINGUNO,,,,,,,,,,,,,,,,,,,,,,,,,,,,,,,,,,,,,,,,,,,,,,,,
224,Riesgo de desastres,Riesgo hidrometeorológico,31,-101.68173750681389,21.097692149402498,2023-12-08 01:07:09.369945+00:00,,,MUJER,26_35,NINGUNA,,,,,,,,,,,,,,,,,,,,,,,,,,,,,,,,,,,,,,,,,,,,,,,,,,,,,,,,,,,,,,,,,,,,,,,,,,,,,,,,,,,,,,,,,,,,,,,,,,,,,,,INUNDACION,1,LEVE,NINGUNO,NINGUNO,NINGUNO,LEVE,,
223,Riesgo de desastres,Riesgo hidrometeorológico,31,-101.68124221844666,21.09868733079594,2023-12-08 01:07:09.369875+00:00,,,MUJER,26_35,NINGUNA,,,,,,,,,,,,,,,,,,,,,,,,,,,,,,,,,,,,,,,,,,,,,,,,,,,,,,,,,,,,,,,,,,,,,,,,,,,,,,,,,,,,,,,,,,,,,,,,,,,,,,,INUNDACION,1,MODERADO,LEVE,LEVE,LEVE,LEVE,,
222,Entorno urbano,Espacios públicos y áreas verdes,14,-101.68124221733905,21.09865885946507,2023-12-08 01:07:09.369780+00:00,,,MUJER,26_35,NINGUNA,,,,,,,,,,,,,,,,,,,,,,,,PARQUE,REGULAR,BUENO,REGULAR,BUENO,BUENO,REGULAR,REGULAR,BUENO,BUENO,NO_HAY,NO_HAY,BUENO,BUENO,BUENO,BUENO,BUENO,BUENO,NO_HAY,baños,,,,,,,,,,,,,,,,,,,,,,,,,,,,,,,,,,,,,,,,,,,,,,,,,,,,,,,,,,,,,,,,,,,,
221,Calidad medioambiental,Puntos de acumulación de basura,18,-101.68121466318019,21.09966003241903,2023-12-08 01:02:28.253310+00:00,,,MUJER,56_65,NINGUNA,,,,,,,,,,,,,,,,,,,,,,,,,,,,,,,,,,,,,,,,,,,,,,,TIRADERO_NO_OFICIAL,LEVE,MODERADO,,,,,,,,,,,,,,,,,,,,,,,,,,,,,,,,,,,,,,,,,,,,,,,,,,,,,,,,,,,,,,
220,Riesgo de desastres,Riesgo hidrometeorológico,31,-101.68121466318019,21.09966003241903,2023-12-08 01:02:28.253176+00:00,,,MUJER,56_65,NINGUNA,,,,,,,,,,,,,,,,,,,,,,,,,,,,,,,,,,,,,,,,,,,,,,,,,,,,,,,,,,,,,,,,,,,,,,,,,,,,,,,,,,,,,,,,,,,,,,,,,,,,,,,INUNDACION,1,NINGUNO,NINGUNO,NINGUNO,NINGUNO,NINGUNO,,
219,Riesgo de desastres,Riesgo hidrometeorológico,31,-101.6795263718657,21.0998411319295,2023-12-08 01:02:28.253053+00:00,,,MUJER,56_65,NINGUNA,,,,,,,,,,,,,,,,,,,,,,,,,,,,,,,,,,,,,,,,,,,,,,,,,,,,,,,,,,,,,,,,,,,,,,,,,,,,,,,,,,,,,,,,,,,,,,,,,,,,,,,INUNDACION,5_N,MODERADO,NINGUNO,NINGUNO,NINGUNO,NINGUNO,,
218,Calidad medioambiental,Contaminación del aire,20,-101.67950358841588,21.098587720831503,2023-12-08 01:02:28.252977+00:00,,,MUJER,56_65,NINGUNA,,,,,,,,,,,,,,,,,,,,,,,,,,,,,,,,,,,,,,,,,,,,,,,,,,,,,,,LEVE,,,,,,,,,,,,,,,,,,,,,,,,,,,,,,,,,,,,,,,,,,,,,,,,,,,,,,,,
217,Riesgo de desastres,Espacios de contingencia frente a catástrofes,35,-101.67956356004136,21.097929563952412,2023-12-08 01:02:28.252850+00:00,,,MUJER,56_65,NINGUNA,,,,,,,,,,,,,,,,,,,,,,,,,,,,,,,,,,,,,,,,,,,,,,,,,,,,,,,,,,,,,,,,,,,,,,,,,,,,,,,,,,,,,,,,,,,,,,,,,,,,,,,,,,,,,,HOSPITALES,
216,Calidad medioambiental,Puntos de acumulación de basura,18,-101.67980121898873,21.097792328131902,2023-12-08 01:02:28.252733+00:00,,,MUJER,56_65,NINGUNA,,,,,,,,,,,,,,,,,,,,,,,,,,,,,,,,,,,,,,,,,,,,,,,TIRADERO_NO_OFICIAL,LEVE,MODERADO,,,,,,,,,,,,,,,,,,,,,,,,,,,,,,,,,,,,,,,,,,,,,,,,,,,,,,,,,,,,,,
215,Riesgo de desastres,Riesgo hidrometeorológico,31,-101.68195147830403,21.09884220876515,2023-12-08 01:02:28.252652+00:00,,,MUJER,56_65,NINGUNA,,,,,,,,,,,,,,,,,,,,,,,,,,,,,,,,,,,,,,,,,,,,,,,,,,,,,,,,,,,,,,,,,,,,,,,,,,,,,,,,,,,,,,,,,,,,,,,,,,,,,,,OLA_CALOR,1,GRAVE,GRAVE,GRAVE,NINGUNO,MODERADO,,
214,Calidad medioambiental,Puntos de acumulación de basura,18,-101.68104556219842,21.09853169535237,2023-12-08 01:02:28.252567+00:00,,,MUJER,56_65,NINGUNA,,,,,,,,,,,,,,,,,,,,,,,,,,,,,,,,,,,,,,,,,,,,,,,TIRADERO_NO_OFICIAL,LEVE,GRAVE,LEVE,GRAVE,,,,,,,,,,,,,,,,,,,,,,,,,,,,,,,,,,,,,,,,,,,,,,,,,,,,,,,,,,,,
213,Calidad medioambiental,Contaminación del aire,20,-101.68117948017121,21.098507809732745,2023-12-08 01:02:28.252417+00:00,,,MUJER,56_65,NINGUNA,,,,,,,,,,,,,,,,,,,,,,,,,,,,,,,,,,,,,,,,,,,,,,,,,,,,,,,,,MODERADO,LEVE,,,,,,,,,,,,,,,,,,,,,,,,,,,,,,,,,,,,,,,,,,,,,,,,,,,,,
212,Riesgo de desastres,Riesgo hidrometeorológico,31,-101.6820510000112,21.09916094147686,2023-12-08 01:02:28.252306+00:00,,,MUJER,56_65,NINGUNA,,,,,,,,,,,,,,,,,,,,,,,,,,,,,,,,,,,,,,,,,,,,,,,,,,,,,,,,,,,,,,,,,,,,,,,,,,,,,,,,,,,,,,,,,,,,,,,,,,,,,,,INUNDACION,5_N,LEVE,NINGUNO,NINGUNO,NINGUNO,LEVE,,
211,Riesgo de desastres,Riesgo hidrometeorológico,31,-101.68149268736462,21.098959979210747,2023-12-08 01:02:28.252074+00:00,,,MUJER,56_65,NINGUNA,,,,,,,,,,,,,,,,,,,,,,,,,,,,,,,,,,,,,,,,,,,,,,,,,,,,,,,,,,,,,,,,,,,,,,,,,,,,,,,,,,,,,,,,,,,,,,,,,,,,,,,INUNDACION,5_N,LEVE,NINGUNO,NINGUNO,NINGUNO,LEVE,,
